2026/10/02 08:21:08.523, 82, 855, 6001, 13.90, 0x0000000000000001
2026/10/02 08:21:08.643, 82, 855, 6001, 13.90, 0x0000000000000001
2026/10/02 08:21:08.762, 82, 855, 6001, 13.88, 0x0000000000000001
2026/10/02 08:21:08.881, 82, 855, 6001, 13.87, 0x0000000000000001
2026/10/02 08:21:09.002, 82, 855, 6001, 13.85, 0x0000000000000001
2026/10/02 08:21:09.130, 82, 855, 6001, 13.82, 0x0000000000000001
2026/10/02 08:21:09.249, 82, 855, 6001, 13.81, 0x0000000000000001
2026/10/02 08:21:09.371, 82, 1890, 8001, 14.54, 0x0000000000000001
2026/10/02 08:21:09.492, 82, 1890, 8001, 15.34, 0x0000000000000001
2026/10/02 08:21:09.609, 83, 1890, 8001, 16.95, 0x0000000000000001
2026/10/02 08:21:09.731, 83, 1890, 8001, 17.78, 0x0000000000000001
2026/10/02 08:21:09.850, 83, 1890, 8001, 18.61, 0x0000000000000001
2026/10/02 08:21:09.968, 83, 1890, 8001, 19.44, 0x0000000000000001
2026/10/02 08:21:10.087, 83, 1890, 8001, 20.25, 0x0000000000000001
2026/10/02 08:21:10.208, 83, 1890, 8001, 21.94, 0x0000000000000001
2026/10/02 08:21:10.327, 83, 1890, 8001, 22.78, 0x0000000000000001
2026/10/02 08:21:10.447, 83, 1890, 8001, 22.85, 0x0000000000000001
2026/10/02 08:21:10.566, 83, 1890, 8001, 22.88, 0x0000000000000001
2026/10/02 08:21:10.684, 83, 1890, 8001, 22.90, 0x0000000000000001
2026/10/02 08:21:10.807, 83, 1890, 8001, 22.92, 0x0000000000000001
2026/10/02 08:21:10.925, 83, 1890, 8001, 22.93, 0x0000000000000001
2026/10/02 08:21:11.043, 84, 1890, 8001, 22.93, 0x0000000000000001
2026/10/02 08:21:11.163, 84, 1890, 8001, 22.96, 0x0000000000000001
2026/10/02 08:21:11.281, 84, 1890, 8001, 22.95, 0x0000000000000001
2026/10/02 08:21:11.404, 84, 1890, 8001, 22.92, 0x0000000000000001
2026/10/02 08:21:11.521, 84, 1890, 8001, 22.93, 0x0000000000000001
2026/10/02 08:21:11.640, 84, 1890, 8001, 22.93, 0x0000000000000001
2026/10/02 08:21:11.760, 84, 1890, 8001, 22.92, 0x0000000000000001
2026/10/02 08:21:11.878, 84, 1890, 8001, 22.92, 0x0000000000000001
2026/10/02 08:21:12.001, 84, 1890, 8001, 23.05, 0x0000000000000001
2026/10/02 08:21:12.118, 84, 1890, 8001, 23.18, 0x0000000000000001
2026/10/02 08:21:12.240, 84, 1890, 8001, 23.12, 0x0000000000000001
2026/10/02 08:21:12.357, 84, 1890, 7001, 22.90, 0x0000000000000001
2026/10/02 08:21:12.475, 84, 1890, 7001, 22.64, 0x0000000000000001
2026/10/02 08:21:12.594, 84, 1890, 7001, 22.34, 0x0000000000000001
2026/10/02 08:21:12.713, 84, 1890, 7001, 22.33, 0x0000000000000001
2026/10/02 08:21:12.838, 84, 1890, 7001, 22.10, 0x0000000000000001
2026/10/02 08:21:12.955, 84, 1890, 7001, 21.82, 0x0000000000000001
2026/10/02 08:21:13.073, 84, 1890, 7001, 21.56, 0x0000000000000001
2026/10/02 08:21:13.198, 84, 1890, 7001, 20.89, 0x0000000000000001
2026/10/02 08:21:13.317, 84, 1890, 8001, 20.77, 0x0000000000000001
2026/10/02 08:21:13.435, 84, 1890, 8001, 20.83, 0x0000000000000001
2026/10/02 08:21:13.553, 84, 1890, 8001, 20.93, 0x0000000000000001
2026/10/02 08:21:13.668, 84, 1890, 8001, 21.04, 0x0000000000000001
2026/10/02 08:21:13.789, 84, 1890, 8001, 20.79, 0x0000000000000001
2026/10/02 08:21:13.905, 84, 1890, 8001, 20.85, 0x0000000000000001
2026/10/02 08:21:14.022, 84, 1890, 8001, 20.96, 0x0000000000000001
2026/10/02 08:21:14.144, 84, 1890, 8001, 21.08, 0x0000000000000001
2026/10/02 08:21:14.260, 84, 1890, 8001, 21.19, 0x0000000000000001
2026/10/02 08:21:14.383, 84, 1890, 8001, 21.19, 0x0000000000000001
2026/10/02 08:21:14.501, 84, 1890, 8001, 21.20, 0x0000000000000001
2026/10/02 08:21:14.618, 84, 1890, 8001, 21.20, 0x0000000000000001
2026/10/02 08:21:14.739, 84, 1890, 8001, 21.21, 0x0000000000000001
2026/10/02 08:21:14.857, 84, 1890, 8001, 21.23, 0x0000000000000001
2026/10/02 08:21:14.975, 84, 1890, 8001, 21.22, 0x0000000000000001
2026/10/02 08:21:15.095, 84, 1890, 8001, 21.22, 0x0000000000000001
2026/10/02 08:21:15.214, 84, 1890, 8001, 21.22, 0x0000000000000001
2026/10/02 08:21:15.334, 84, 1890, 8001, 21.21, 0x0000000000000001
2026/10/02 08:21:15.451, 84, 1890, 8001, 21.20, 0x0000000000000001
2026/10/02 08:21:15.573, 84, 1890, 8001, 21.21, 0x0000000000000001
2026/10/02 08:21:15.691, 84, 1890, 8001, 21.22, 0x0000000000000001
2026/10/02 08:21:15.808, 84, 1890, 8001, 21.21, 0x0000000000000001
2026/10/02 08:21:15.929, 84, 1890, 8001, 21.05, 0x0000000000000001
2026/10/02 08:21:16.051, 84, 1890, 8001, 20.10, 0x0000000000000001
2026/10/02 08:21:16.175, 84, 1890, 8001, 18.17, 0x0000000000000001
2026/10/02 08:21:16.295, 83, 480, 810, 17.25, 0x0000000000000001
2026/10/02 08:21:16.416, 83, 480, 810, 16.31, 0x0000000000000001
2026/10/02 08:21:16.544, 83, 480, 810, 15.37, 0x0000000000000001
2026/10/02 08:21:16.672, 83, 480, 810, 13.52, 0x0000000000000001
2026/10/02 08:21:16.794, 82, 420, 810, 12.54, 0x0000000000000001
2026/10/02 08:21:16.921, 82, 420, 810, 10.81, 0x0000000000000001
2026/10/02 08:21:17.057, 82, 420, 810, 10.85, 0x0000000000000001
2026/10/02 08:21:17.189, 82, 420, 810, 10.83, 0x0000000000000001
2026/10/02 08:21:17.313, 82, 360, 810, 10.78, 0x0000000000000001
2026/10/02 08:21:17.433, 82, 360, 810, 10.69, 0x0000000000000001
2026/10/02 08:21:17.551, 82, 360, 810, 10.62, 0x0000000000000001
2026/10/02 08:21:17.692, 82, 360, 810, 10.49, 0x0000000000000001
2026/10/02 08:21:17.833, 82, 315, 810, 10.53, 0x0000000000000001
2026/10/02 08:21:17.954, 82, 315, 810, 10.42, 0x0000000000000001
2026/10/02 08:21:18.077, 82, 315, 810, 10.29, 0x0000000000000001
2026/10/02 08:21:18.198, 82, 315, 810, 10.27, 0x0000000000000001
2026/10/02 08:21:18.325, 82, 270, 810, 10.32, 0x0000000000000001
2026/10/02 08:21:18.462, 82, 270, 810, 10.40, 0x0000000000000001
2026/10/02 08:21:18.595, 82, 270, 810, 10.40, 0x0000000000000001
2026/10/02 08:21:18.718, 82, 270, 810, 10.43, 0x0000000000000001
2026/10/02 08:21:18.856, 82, 255, 810, 10.47, 0x0000000000000001
2026/10/02 08:21:18.992, 82, 255, 810, 10.54, 0x0000000000000001
2026/10/02 08:21:19.113, 82, 255, 810, 10.53, 0x0000000000000001
2026/10/02 08:21:19.244, 82, 255, 810, 10.58, 0x0000000000000001
2026/10/02 08:21:19.366, 82, 330, 810, 10.53, 0x0000000000000001
2026/10/02 08:21:19.487, 82, 330, 810, 10.47, 0x0000000000000001
2026/10/02 08:21:19.607, 82, 330, 810, 10.45, 0x0000000000000001
2026/10/02 08:21:19.729, 82, 330, 810, 10.39, 0x0000000000000001
2026/10/02 08:21:19.849, 82, 330, 810, 10.29, 0x0000000000000001
2026/10/02 08:21:19.980, 82, 330, 810, 10.19, 0x0000000000000001
2026/10/02 08:21:20.103, 82, 330, 810, 10.18, 0x0000000000000001
2026/10/02 08:21:20.251, 82, 330, 810, 10.98, 0x0000000000000001
2026/10/02 08:21:20.370, 83, 1890, 8001, 11.98, 0x0000000000000001
2026/10/02 08:21:20.489, 83, 1890, 8001, 13.14, 0x0000000000000001
2026/10/02 08:21:20.608, 83, 1890, 8001, 14.23, 0x0000000000000001
2026/10/02 08:21:20.730, 83, 1890, 8001, 16.48, 0x0000000000000001
2026/10/02 08:21:20.847, 83, 1890, 8001, 17.46, 0x0000000000000001
2026/10/02 08:21:20.965, 83, 1890, 8001, 18.47, 0x0000000000000001
2026/10/02 08:21:21.084, 83, 1890, 8001, 19.57, 0x0000000000000001
2026/10/02 08:21:21.203, 83, 1890, 8001, 20.50, 0x0000000000000001
2026/10/02 08:21:21.325, 84, 1890, 8001, 21.90, 0x0000000000000001
2026/10/02 08:21:21.444, 84, 1890, 8001, 21.90, 0x0000000000000001
2026/10/02 08:21:21.560, 84, 1890, 8001, 21.74, 0x0000000000000001
2026/10/02 08:21:21.678, 84, 1890, 8001, 21.66, 0x0000000000000001
2026/10/02 08:21:21.797, 84, 1890, 8001, 21.51, 0x0000000000000001
2026/10/02 08:21:21.919, 84, 1890, 8001, 21.45, 0x0000000000000001
2026/10/02 08:21:22.036, 84, 1890, 8001, 21.48, 0x0000000000000001
2026/10/02 08:21:22.154, 84, 1890, 8001, 21.51, 0x0000000000000001
2026/10/02 08:21:22.273, 84, 1890, 8001, 21.50, 0x0000000000000001
2026/10/02 08:21:22.392, 84, 1890, 8001, 21.40, 0x0000000000000001
2026/10/02 08:21:22.514, 84, 1890, 8001, 21.23, 0x0000000000000001
2026/10/02 08:21:22.633, 84, 1890, 8001, 21.23, 0x0000000000000001
2026/10/02 08:21:22.750, 84, 1890, 8001, 21.20, 0x0000000000000001
2026/10/02 08:21:22.870, 84, 1890, 8001, 21.28, 0x0000000000000001
2026/10/02 08:21:22.988, 84, 1890, 8001, 21.19, 0x0000000000000001
2026/10/02 08:21:23.109, 84, 1890, 8001, 21.09, 0x0000000000000001
2026/10/02 08:21:23.226, 84, 1890, 8001, 21.03, 0x0000000000000001
2026/10/02 08:21:23.344, 84, 1890, 8001, 20.99, 0x0000000000000001
2026/10/02 08:21:23.464, 84, 1890, 8001, 20.98, 0x0000000000000001
2026/10/02 08:21:23.583, 84, 1890, 8001, 20.98, 0x0000000000000001
2026/10/02 08:21:23.703, 84, 1890, 8001, 20.96, 0x0000000000000001
2026/10/02 08:21:23.821, 84, 1890, 8001, 20.70, 0x0000000000000001
2026/10/02 08:21:23.943, 84, 1890, 8001, 19.89, 0x0000000000000001
2026/10/02 08:21:24.065, 84, 1890, 8001, 19.25, 0x0000000000000001
2026/10/02 08:21:24.185, 84, 1890, 8001, 17.87, 0x0000000000000001
2026/10/02 08:21:24.323, 84, 450, 6001, 17.15, 0x0000000000000001
2026/10/02 08:21:24.445, 84, 450, 6001, 16.35, 0x0000000000000001
2026/10/02 08:21:24.566, 84, 450, 6001, 15.55, 0x0000000000000001
2026/10/02 08:21:24.687, 83, 450, 6001, 13.94, 0x0000000000000001
2026/10/02 08:21:24.808, 83, 360, 6001, 13.14, 0x0000000000000001
2026/10/02 08:21:24.942, 83, 360, 6001, 12.43, 0x0000000000000001
2026/10/02 08:21:25.080, 83, 360, 6001, 12.07, 0x0000000000000001
2026/10/02 08:21:25.209, 82, 360, 6001, 11.94, 0x0000000000000001
2026/10/02 08:21:25.334, 82, 330, 810, 13.16, 0x0000000000000001
2026/10/02 08:21:25.458, 82, 330, 810, 15.03, 0x0000000000000000
2026/10/02 08:21:25.563, 82, 330, 810, 18.39, 0x0000000000000020
2026/10/02 08:21:25.672, 83, 330, 810, 24.90, 0x0000000000000020
2026/10/02 08:21:25.778, 83, 1935, 8001, 26.82, 0x0000000000000020
2026/10/02 08:21:25.884, 83, 1935, 8001, 28.48, 0x0000000000000020
2026/10/02 08:21:25.990, 83, 1935, 8001, 30.08, 0x0000000000000000
2026/10/02 08:21:26.096, 83, 1935, 8001, 31.94, 0x0000000000000000
2026/10/02 08:21:26.201, 87, 1935, 8001, 33.62, 0x0000000000000020
2026/10/02 08:21:26.307, 87, 2505, 8001, 35.35, 0x0000000000000000
2026/10/02 08:21:26.411, 87, 2505, 8001, 35.83, 0x0000000000000000
