2026/10/02 09:34:33.742, 80, 210, 405, 7.21, 0x0000000000000001
2026/10/02 09:34:33.864, 80, 210, 405, 7.19, 0x0000000000000001
2026/10/02 09:34:33.999, 80, 210, 405, 7.20, 0x0000000000000001
2026/10/02 09:34:34.114, 80, 210, 405, 8.24, 0x0000000000000001
2026/10/02 09:34:34.231, 81, 1890, 8001, 9.44, 0x0000000000000001
2026/10/02 09:34:34.347, 81, 1890, 8001, 10.64, 0x0000000000000001
2026/10/02 09:34:34.471, 81, 1890, 8001, 13.06, 0x0000000000000001
2026/10/02 09:34:34.586, 81, 1890, 8001, 14.26, 0x0000000000000001
2026/10/02 09:34:34.702, 81, 1890, 8001, 15.47, 0x0000000000000001
2026/10/02 09:34:34.818, 81, 1890, 8001, 16.68, 0x0000000000000001
2026/10/02 09:34:34.937, 81, 1890, 8001, 17.98, 0x0000000000000001
2026/10/02 09:34:35.058, 81, 1890, 8001, 20.34, 0x0000000000000001
2026/10/02 09:34:35.174, 82, 1890, 8001, 20.52, 0x0000000000000001
2026/10/02 09:34:35.291, 82, 1890, 8001, 20.54, 0x0000000000000001
2026/10/02 09:34:35.407, 82, 1890, 8001, 20.55, 0x0000000000000001
2026/10/02 09:34:35.525, 82, 1890, 8001, 20.56, 0x0000000000000001
2026/10/02 09:34:35.647, 82, 1890, 8001, 20.58, 0x0000000000000001
2026/10/02 09:34:35.762, 82, 1890, 8001, 20.59, 0x0000000000000001
2026/10/02 09:34:35.878, 82, 1890, 8001, 20.59, 0x0000000000000001
2026/10/02 09:34:35.996, 82, 1890, 8001, 20.59, 0x0000000000000001
2026/10/02 09:34:36.113, 82, 1890, 8001, 20.59, 0x0000000000000001
2026/10/02 09:34:36.237, 82, 1890, 8001, 20.60, 0x0000000000000001
2026/10/02 09:34:36.352, 82, 1890, 8001, 20.60, 0x0000000000000001
2026/10/02 09:34:36.468, 82, 1890, 8001, 20.59, 0x0000000000000001
2026/10/02 09:34:36.584, 82, 1890, 8001, 20.59, 0x0000000000000001
2026/10/02 09:34:36.702, 82, 1890, 8001, 20.60, 0x0000000000000001
2026/10/02 09:34:36.825, 82, 1890, 8001, 20.60, 0x0000000000000001
2026/10/02 09:34:36.940, 82, 1890, 8001, 20.60, 0x0000000000000001
2026/10/02 09:34:37.055, 82, 1890, 8001, 20.59, 0x0000000000000001
2026/10/02 09:34:37.173, 82, 1890, 8001, 20.60, 0x0000000000000001
2026/10/02 09:34:37.291, 82, 1890, 8001, 20.60, 0x0000000000000001
2026/10/02 09:34:37.413, 82, 1890, 8001, 20.60, 0x0000000000000001
2026/10/02 09:34:37.528, 82, 1890, 8001, 20.61, 0x0000000000000001
2026/10/02 09:34:37.644, 82, 1890, 8001, 20.61, 0x0000000000000001
2026/10/02 09:34:37.762, 82, 1890, 8001, 20.62, 0x0000000000000001
2026/10/02 09:34:37.879, 82, 1890, 8001, 20.97, 0x0000000000000001
2026/10/02 09:34:38.003, 82, 1890, 8001, 22.06, 0x0000000000000001
2026/10/02 09:34:38.117, 82, 1890, 8001, 22.70, 0x0000000000000001
2026/10/02 09:34:38.235, 82, 2355, 8001, 23.77, 0x0000000000000001
2026/10/02 09:34:38.351, 82, 2355, 8001, 24.98, 0x0000000000000001
2026/10/02 09:34:38.468, 84, 2355, 8001, 26.23, 0x0000000000000001
2026/10/02 09:34:38.591, 84, 2355, 8001, 28.65, 0x0000000000000001
2026/10/02 09:34:38.706, 84, 2355, 8001, 29.91, 0x0000000000000001
2026/10/02 09:34:38.822, 84, 2355, 8001, 31.13, 0x0000000000000001
2026/10/02 09:34:38.938, 85, 2355, 8001, 32.00, 0x0000000000000001
2026/10/02 09:34:39.057, 85, 2355, 8001, 32.74, 0x0000000000000001
2026/10/02 09:34:39.179, 85, 2355, 8001, 34.02, 0x0000000000000001
2026/10/02 09:34:39.293, 85, 2355, 8001, 34.26, 0x0000000000000001
2026/10/02 09:34:39.409, 85, 2355, 8001, 34.28, 0x0000000000000001
2026/10/02 09:34:39.527, 85, 2355, 8001, 34.29, 0x0000000000000001
2026/10/02 09:34:39.645, 85, 2355, 8001, 34.29, 0x0000000000000001
2026/10/02 09:34:39.769, 85, 2355, 8001, 34.03, 0x0000000000000001
2026/10/02 09:34:39.901, 85, 2355, 8001, 33.53, 0x0000000000000001
2026/10/02 09:34:40.021, 85, 2355, 8001, 32.85, 0x0000000000000001
2026/10/02 09:34:40.159, 85, 1875, 8001, 31.07, 0x0000000000000001
2026/10/02 09:34:40.274, 85, 1875, 8001, 30.12, 0x0000000000000001
2026/10/02 09:34:40.390, 84, 1875, 8001, 28.96, 0x0000000000000001
2026/10/02 09:34:40.527, 84, 1875, 8001, 26.15, 0x0000000000000001
2026/10/02 09:34:40.666, 84, 1725, 8001, 25.80, 0x0000000000000001
2026/10/02 09:34:40.804, 83, 1725, 8001, 24.56, 0x0000000000000001
2026/10/02 09:34:40.947, 83, 1725, 8001, 22.91, 0x0000000000000001
2026/10/02 09:34:41.079, 83, 1725, 8001, 22.33, 0x0000000000000001
2026/10/02 09:34:41.217, 83, 1575, 8001, 21.55, 0x0000000000000001
2026/10/02 09:34:41.367, 83, 1575, 8001, 21.41, 0x0000000000000001
2026/10/02 09:34:41.488, 83, 1575, 8001, 21.02, 0x0000000000000001
2026/10/02 09:34:41.623, 83, 1485, 8001, 20.69, 0x0000000000000001
2026/10/02 09:34:41.771, 83, 1485, 8001, 20.42, 0x0000000000000001
2026/10/02 09:34:41.902, 83, 1485, 8001, 20.00, 0x0000000000000001
2026/10/02 09:34:42.042, 83, 1485, 8001, 19.93, 0x0000000000000001
2026/10/02 09:34:42.180, 83, 1395, 8001, 19.81, 0x0000000000000001
2026/10/02 09:34:42.322, 83, 1395, 8001, 19.45, 0x0000000000000001
2026/10/02 09:34:42.456, 83, 1395, 8001, 19.29, 0x0000000000000001
2026/10/02 09:34:42.593, 83, 1305, 8001, 18.90, 0x0000000000000001
2026/10/02 09:34:42.745, 82, 1305, 8001, 18.83, 0x0000000000000001
2026/10/02 09:34:42.867, 82, 1305, 8001, 18.79, 0x0000000000000001
2026/10/02 09:34:42.985, 82, 1305, 8001, 18.63, 0x0000000000000001
2026/10/02 09:34:43.109, 82, 1215, 8001, 18.40, 0x0000000000000001
2026/10/02 09:34:43.242, 82, 1215, 8001, 18.27, 0x0000000000000001
2026/10/02 09:34:43.378, 82, 1215, 8001, 18.16, 0x0000000000000001
2026/10/02 09:34:43.530, 82, 1215, 8001, 18.10, 0x0000000000000001
2026/10/02 09:34:43.661, 82, 1185, 8001, 18.05, 0x0000000000000001
2026/10/02 09:34:43.778, 82, 1185, 8001, 17.81, 0x0000000000000001
2026/10/02 09:34:43.904, 82, 1185, 8001, 17.76, 0x0000000000000001
2026/10/02 09:34:44.027, 82, 1185, 8001, 17.71, 0x0000000000000001
2026/10/02 09:34:44.145, 82, 1200, 8001, 17.68, 0x0000000000000001
2026/10/02 09:34:44.263, 82, 1200, 8001, 17.66, 0x0000000000000001
2026/10/02 09:34:44.400, 82, 1200, 8001, 17.68, 0x0000000000000001
2026/10/02 09:34:44.519, 82, 1200, 8001, 17.72, 0x0000000000000001
2026/10/02 09:34:44.636, 82, 1275, 8001, 17.99, 0x0000000000000001
2026/10/02 09:34:44.757, 82, 1275, 8001, 18.47, 0x0000000000000001
2026/10/02 09:34:44.884, 82, 1275, 8001, 18.59, 0x0000000000000001
2026/10/02 09:34:45.012, 82, 1275, 8001, 18.88, 0x0000000000000001
2026/10/02 09:34:45.130, 82, 1305, 8001, 18.93, 0x0000000000000001
2026/10/02 09:34:45.246, 82, 1305, 8001, 19.36, 0x0000000000000001
2026/10/02 09:34:45.384, 82, 1305, 8001, 19.35, 0x0000000000000001
2026/10/02 09:34:45.503, 82, 1305, 8001, 19.31, 0x0000000000000001
2026/10/02 09:34:45.620, 82, 1305, 7001, 19.03, 0x0000000000000001
2026/10/02 09:34:45.759, 82, 1305, 7001, 18.52, 0x0000000000000001
2026/10/02 09:34:46.478, 82, 1305, 7001, 18.24, 0x0000000000000001
2026/10/02 09:34:46.596, 82, 1320, 7001, 18.09, 0x0000000000000001
2026/10/02 09:34:46.715, 82, 1320, 7001, 17.52, 0x0000000000000001
2026/10/02 09:34:46.864, 82, 1320, 7001, 17.15, 0x0000000000000001
2026/10/02 09:34:46.979, 82, 1320, 7001, 16.82, 0x0000000000000001
2026/10/02 09:34:47.095, 82, 1320, 8001, 16.61, 0x0000000000000001
2026/10/02 09:34:47.219, 82, 1320, 8001, 16.94, 0x0000000000000001
2026/10/02 09:34:47.335, 82, 1320, 8001, 17.07, 0x0000000000000001
2026/10/02 09:34:47.452, 82, 1320, 8001, 17.19, 0x0000000000000001
2026/10/02 09:34:47.568, 82, 1320, 8001, 17.36, 0x0000000000000001
2026/10/02 09:34:47.706, 82, 1320, 8001, 17.69, 0x0000000000000001
2026/10/02 09:34:47.842, 82, 1320, 8001, 18.11, 0x0000000000000001
2026/10/02 09:34:47.960, 82, 1320, 8001, 18.15, 0x0000000000000001
2026/10/02 09:34:48.077, 82, 1215, 8001, 18.33, 0x0000000000000001
2026/10/02 09:34:48.212, 82, 1215, 8001, 18.30, 0x0000000000000001
2026/10/02 09:34:48.338, 82, 1215, 8001, 18.25, 0x0000000000000001
2026/10/02 09:34:48.454, 82, 1215, 8001, 18.20, 0x0000000000000001
2026/10/02 09:34:48.571, 82, 1170, 8001, 18.14, 0x0000000000000001
2026/10/02 09:34:48.705, 82, 1170, 8001, 18.07, 0x0000000000000001
2026/10/02 09:34:48.825, 82, 1170, 8001, 18.05, 0x0000000000000001
2026/10/02 09:34:48.943, 82, 1170, 8001, 18.00, 0x0000000000000001
2026/10/02 09:34:49.081, 82, 1245, 8001, 18.05, 0x0000000000000001
2026/10/02 09:34:49.218, 82, 1245, 8001, 18.07, 0x0000000000000001
2026/10/02 09:34:49.355, 82, 1245, 8001, 18.16, 0x0000000000000001
2026/10/02 09:34:49.493, 82, 1245, 8001, 18.11, 0x0000000000000001
2026/10/02 09:34:49.609, 82, 1245, 8001, 18.08, 0x0000000000000001
2026/10/02 09:34:49.728, 82, 1245, 8001, 18.13, 0x0000000000000001
2026/10/02 09:34:49.869, 82, 1245, 8001, 18.12, 0x0000000000000001
2026/10/02 09:34:50.003, 82, 1245, 8001, 18.06, 0x0000000000000001
2026/10/02 09:34:50.122, 82, 1245, 8001, 18.03, 0x0000000000000001
2026/10/02 09:34:50.239, 82, 1245, 8001, 18.02, 0x0000000000000001
2026/10/02 09:34:50.377, 82, 1245, 8001, 18.01, 0x0000000000000001
2026/10/02 09:34:50.503, 82, 1245, 8001, 18.03, 0x0000000000000001
2026/10/02 09:34:50.620, 82, 1245, 8001, 17.99, 0x0000000000000001
2026/10/02 09:34:50.736, 82, 1245, 8001, 18.02, 0x0000000000000001
2026/10/02 09:34:50.868, 82, 1245, 8001, 17.95, 0x0000000000000001
2026/10/02 09:34:50.985, 82, 1245, 8001, 17.92, 0x0000000000000001
2026/10/02 09:34:51.103, 82, 1110, 8001, 17.92, 0x0000000000000001
2026/10/02 09:34:51.223, 82, 1110, 8001, 18.00, 0x0000000000000001
2026/10/02 09:34:51.349, 82, 1110, 8001, 18.13, 0x0000000000000001
2026/10/02 09:34:51.477, 82, 1110, 8001, 18.21, 0x0000000000000001
2026/10/02 09:34:51.595, 82, 1260, 8001, 18.20, 0x0000000000000001
2026/10/02 09:34:51.713, 83, 1260, 8001, 18.29, 0x0000000000000001
2026/10/02 09:34:51.838, 83, 1260, 8001, 18.26, 0x0000000000000001
2026/10/02 09:34:51.955, 83, 1260, 8001, 18.39, 0x0000000000000001
2026/10/02 09:34:52.072, 83, 1260, 8001, 18.59, 0x0000000000000001
2026/10/02 09:34:52.205, 83, 1260, 8001, 18.68, 0x0000000000000001
2026/10/02 09:34:52.331, 83, 1260, 8001, 18.74, 0x0000000000000001
2026/10/02 09:34:52.458, 83, 1260, 8001, 18.83, 0x0000000000000001
2026/10/02 09:34:52.597, 83, 1530, 8001, 19.25, 0x0000000000000001
2026/10/02 09:34:52.741, 83, 1530, 8001, 19.30, 0x0000000000000001
2026/10/02 09:34:52.871, 83, 1530, 8001, 19.54, 0x0000000000000001
2026/10/02 09:34:52.989, 83, 1530, 8001, 19.80, 0x0000000000000001
2026/10/02 09:34:53.113, 83, 1530, 8001, 19.89, 0x0000000000000001
2026/10/02 09:34:53.247, 83, 1530, 8001, 19.88, 0x0000000000000001
2026/10/02 09:34:53.364, 83, 1530, 8001, 19.84, 0x0000000000000001
2026/10/02 09:34:53.482, 83, 1530, 8001, 20.09, 0x0000000000000001
2026/10/02 09:34:53.610, 83, 1530, 8001, 20.13, 0x0000000000000001
2026/10/02 09:34:53.741, 83, 1530, 8001, 20.09, 0x0000000000000001
2026/10/02 09:34:53.857, 83, 1530, 8001, 20.06, 0x0000000000000001
2026/10/02 09:34:53.973, 83, 1530, 8001, 19.92, 0x0000000000000001
2026/10/02 09:34:54.132, 83, 1530, 8001, 19.85, 0x0000000000000001
2026/10/02 09:34:54.253, 83, 1530, 8001, 19.86, 0x0000000000000001
2026/10/02 09:34:54.369, 83, 1530, 8001, 19.78, 0x0000000000000001
2026/10/02 09:34:54.495, 83, 1305, 8001, 19.67, 0x0000000000000001
2026/10/02 09:34:54.621, 83, 1305, 8001, 19.41, 0x0000000000000001
2026/10/02 09:34:54.758, 83, 1305, 8001, 19.14, 0x0000000000000001
2026/10/02 09:34:54.881, 83, 1305, 8001, 18.73, 0x0000000000000001
2026/10/02 09:34:55.014, 83, 1260, 8001, 18.53, 0x0000000000000001
2026/10/02 09:34:55.151, 83, 1260, 8001, 18.31, 0x0000000000000001
2026/10/02 09:34:55.275, 83, 1260, 8001, 18.13, 0x0000000000000001
2026/10/02 09:34:55.393, 83, 1260, 8001, 18.06, 0x0000000000000001
2026/10/02 09:34:55.508, 83, 1185, 8001, 17.98, 0x0000000000000001
2026/10/02 09:34:55.625, 83, 1185, 8001, 17.89, 0x0000000000000001
2026/10/02 09:34:55.764, 83, 1185, 8001, 17.89, 0x0000000000000001
2026/10/02 09:34:55.904, 83, 1185, 8001, 17.95, 0x0000000000000001
2026/10/02 09:34:56.021, 83, 1155, 8001, 18.01, 0x0000000000000001
2026/10/02 09:34:56.138, 83, 1155, 8001, 18.07, 0x0000000000000001
2026/10/02 09:34:56.308, 83, 1155, 8001, 17.95, 0x0000000000000001
2026/10/02 09:34:56.441, 83, 1275, 7001, 17.63, 0x0000000000000001
2026/10/02 09:34:56.573, 83, 1275, 7001, 17.44, 0x0000000000000001
2026/10/02 09:34:56.689, 83, 1275, 7001, 17.27, 0x0000000000000001
2026/10/02 09:34:56.805, 83, 1275, 7001, 17.09, 0x0000000000000001
2026/10/02 09:34:56.942, 83, 1275, 8001, 16.96, 0x0000000000000001
2026/10/02 09:34:57.077, 83, 1275, 8001, 16.89, 0x0000000000000001
2026/10/02 09:34:57.216, 83, 1275, 8001, 16.98, 0x0000000000000001
2026/10/02 09:34:57.351, 83, 1275, 8001, 17.12, 0x0000000000000001
2026/10/02 09:34:57.469, 83, 1275, 8001, 17.33, 0x0000000000000001
2026/10/02 09:34:57.589, 83, 1275, 8001, 17.69, 0x0000000000000001
2026/10/02 09:34:57.728, 83, 1275, 8001, 18.07, 0x0000000000000001
2026/10/02 09:34:57.851, 83, 1275, 8001, 18.40, 0x0000000000000001
2026/10/02 09:34:57.969, 83, 1305, 8001, 18.57, 0x0000000000000001
2026/10/02 09:34:58.098, 83, 1305, 8001, 18.61, 0x0000000000000001
2026/10/02 09:34:58.223, 83, 1305, 8001, 18.67, 0x0000000000000001
2026/10/02 09:34:58.343, 83, 1305, 8001, 18.69, 0x0000000000000001
2026/10/02 09:34:58.463, 83, 1305, 8001, 18.73, 0x0000000000000001
2026/10/02 09:34:58.585, 83, 1305, 8001, 18.78, 0x0000000000000001
2026/10/02 09:34:58.722, 83, 1305, 8001, 18.77, 0x0000000000000001
2026/10/02 09:34:58.858, 83, 1305, 8001, 18.75, 0x0000000000000001
2026/10/02 09:34:58.988, 83, 1335, 8001, 18.74, 0x0000000000000001
2026/10/02 09:34:59.104, 83, 1335, 8001, 18.69, 0x0000000000000001
2026/10/02 09:34:59.222, 83, 1335, 8001, 18.68, 0x0000000000000001
2026/10/02 09:34:59.351, 83, 1335, 8001, 18.73, 0x0000000000000001
2026/10/02 09:34:59.472, 83, 1335, 8001, 18.70, 0x0000000000000001
2026/10/02 09:34:59.597, 83, 1335, 8001, 18.68, 0x0000000000000001
2026/10/02 09:34:59.714, 83, 1335, 8001, 18.68, 0x0000000000000001
2026/10/02 09:34:59.832, 83, 1335, 8001, 18.71, 0x0000000000000001
2026/10/02 09:34:59.949, 83, 1335, 8001, 18.72, 0x0000000000000001
2026/10/02 09:35:00.068, 83, 1335, 8001, 18.70, 0x0000000000000001
2026/10/02 09:35:00.199, 83, 1335, 8001, 18.67, 0x0000000000000001
2026/10/02 09:35:00.320, 83, 1335, 8001, 18.62, 0x0000000000000001
2026/10/02 09:35:00.438, 83, 1245, 8001, 18.58, 0x0000000000000001
2026/10/02 09:35:00.558, 83, 1245, 8001, 18.52, 0x0000000000000001
2026/10/02 09:35:00.677, 83, 1245, 8001, 18.43, 0x0000000000000001
2026/10/02 09:35:00.804, 83, 1245, 8001, 18.36, 0x0000000000000001
2026/10/02 09:35:00.935, 83, 1185, 8001, 18.25, 0x0000000000000001
2026/10/02 09:35:01.055, 83, 1185, 8001, 18.09, 0x0000000000000001
2026/10/02 09:35:01.183, 83, 1185, 8001, 18.04, 0x0000000000000001
2026/10/02 09:35:01.300, 83, 1185, 8001, 18.03, 0x0000000000000001
2026/10/02 09:35:01.418, 83, 1125, 8001, 18.01, 0x0000000000000001
2026/10/02 09:35:01.536, 83, 1125, 8001, 17.81, 0x0000000000000001
2026/10/02 09:35:01.671, 83, 1125, 8001, 17.59, 0x0000000000000001
2026/10/02 09:35:01.789, 83, 1125, 8001, 17.41, 0x0000000000000001
2026/10/02 09:35:01.906, 83, 1230, 7001, 17.24, 0x0000000000000001
2026/10/02 09:35:02.045, 83, 1230, 7001, 16.80, 0x0000000000000001
2026/10/02 09:35:02.192, 83, 1230, 7001, 16.73, 0x0000000000000001
2026/10/02 09:35:02.314, 83, 1230, 7001, 16.58, 0x0000000000000001
2026/10/02 09:35:02.438, 83, 1230, 8001, 16.72, 0x0000000000000001
2026/10/02 09:35:02.574, 83, 1230, 8001, 16.70, 0x0000000000000001
2026/10/02 09:35:02.691, 83, 1230, 8001, 16.81, 0x0000000000000001
2026/10/02 09:35:02.807, 83, 1230, 8001, 17.24, 0x0000000000000001
2026/10/02 09:35:02.940, 83, 1230, 8001, 17.45, 0x0000000000000001
2026/10/02 09:35:03.070, 83, 1230, 8001, 17.89, 0x0000000000000001
2026/10/02 09:35:03.186, 83, 1230, 8001, 17.88, 0x0000000000000001
2026/10/02 09:35:03.304, 83, 1230, 8001, 18.00, 0x0000000000000001
2026/10/02 09:35:03.435, 83, 1155, 8001, 17.99, 0x0000000000000001
2026/10/02 09:35:03.554, 83, 1155, 8001, 17.97, 0x0000000000000001
2026/10/02 09:35:03.673, 83, 1155, 8001, 17.97, 0x0000000000000001
2026/10/02 09:35:03.812, 83, 1140, 8001, 17.93, 0x0000000000000001
2026/10/02 09:35:03.951, 83, 1140, 8001, 17.92, 0x0000000000000001
2026/10/02 09:35:04.069, 83, 1140, 8001, 17.89, 0x0000000000000001
2026/10/02 09:35:04.185, 83, 1140, 8001, 17.95, 0x0000000000000001
2026/10/02 09:35:04.311, 83, 1320, 8001, 17.95, 0x0000000000000001
2026/10/02 09:35:04.430, 83, 1320, 8001, 17.98, 0x0000000000000001
2026/10/02 09:35:04.555, 83, 1320, 8001, 18.08, 0x0000000000000001
2026/10/02 09:35:04.673, 83, 1320, 8001, 18.16, 0x0000000000000001
2026/10/02 09:35:04.793, 83, 1320, 8001, 18.33, 0x0000000000000001
2026/10/02 09:35:04.928, 83, 1320, 8001, 18.46, 0x0000000000000001
2026/10/02 09:35:05.047, 83, 1320, 8001, 18.47, 0x0000000000000001
2026/10/02 09:35:05.165, 83, 1320, 8001, 18.58, 0x0000000000000001
2026/10/02 09:35:05.322, 83, 1320, 8001, 18.56, 0x0000000000000001
2026/10/02 09:35:05.459, 83, 1320, 8001, 18.59, 0x0000000000000001
2026/10/02 09:35:05.595, 83, 1320, 8001, 18.54, 0x0000000000000001
2026/10/02 09:35:05.714, 83, 1320, 8001, 18.51, 0x0000000000000001
2026/10/02 09:35:05.834, 83, 1320, 8001, 18.53, 0x0000000000000001
2026/10/02 09:35:05.952, 83, 1320, 8001, 18.46, 0x0000000000000001
2026/10/02 09:35:06.080, 83, 1320, 8001, 18.39, 0x0000000000000001
2026/10/02 09:35:06.216, 83, 1320, 8001, 18.32, 0x0000000000000001
2026/10/02 09:35:06.341, 83, 1080, 8001, 18.25, 0x0000000000000001
2026/10/02 09:35:06.470, 83, 1080, 8001, 17.77, 0x0000000000000001
2026/10/02 09:35:06.600, 83, 1080, 8001, 17.22, 0x0000000000000001
2026/10/02 09:35:06.718, 83, 1080, 8001, 17.08, 0x0000000000000001
2026/10/02 09:35:06.838, 83, 1140, 8001, 16.93, 0x0000000000000001
2026/10/02 09:35:06.956, 83, 1140, 8001, 16.90, 0x0000000000000001
2026/10/02 09:35:07.092, 83, 1140, 8001, 16.74, 0x0000000000000001
2026/10/02 09:35:07.213, 83, 1140, 8001, 16.73, 0x0000000000000001
2026/10/02 09:35:07.338, 83, 1140, 8001, 16.74, 0x0000000000000001
2026/10/02 09:35:07.474, 83, 1140, 8001, 16.57, 0x0000000000000001
2026/10/02 09:35:07.599, 83, 1140, 8001, 16.59, 0x0000000000000001
2026/10/02 09:35:07.720, 83, 1140, 8001, 16.74, 0x0000000000000001
2026/10/02 09:35:07.850, 83, 1140, 7001, 16.65, 0x0000000000000001
2026/10/02 09:35:07.993, 83, 1140, 7001, 16.65, 0x0000000000000001
2026/10/02 09:35:08.111, 83, 1140, 7001, 16.62, 0x0000000000000001
2026/10/02 09:35:08.239, 83, 1140, 8001, 16.60, 0x0000000000000001
2026/10/02 09:35:08.384, 83, 1140, 8001, 16.60, 0x0000000000000001
2026/10/02 09:35:08.504, 83, 1140, 8001, 16.32, 0x0000000000000001
2026/10/02 09:35:08.626, 83, 1140, 8001, 16.26, 0x0000000000000001
2026/10/02 09:35:08.760, 83, 975, 6001, 16.30, 0x0000000000000001
2026/10/02 09:35:08.878, 83, 975, 6001, 16.13, 0x0000000000000001
2026/10/02 09:35:08.995, 83, 975, 6001, 15.70, 0x0000000000000001
2026/10/02 09:35:09.132, 83, 975, 6001, 15.36, 0x0000000000000001
2026/10/02 09:35:09.251, 83, 960, 6001, 15.08, 0x0000000000000001
2026/10/02 09:35:09.370, 83, 960, 6001, 14.81, 0x0000000000000001
2026/10/02 09:35:09.489, 83, 960, 6001, 14.40, 0x0000000000000001
2026/10/02 09:35:09.642, 83, 960, 6001, 14.34, 0x0000000000000001
2026/10/02 09:35:09.761, 83, 930, 6001, 14.32, 0x0000000000000001
2026/10/02 09:35:09.879, 83, 930, 6001, 14.24, 0x0000000000000001
2026/10/02 09:35:10.013, 83, 930, 6001, 14.19, 0x0000000000000001
2026/10/02 09:35:10.153, 83, 930, 6001, 14.11, 0x0000000000000001
2026/10/02 09:35:10.277, 83, 855, 810, 13.69, 0x0000000000000001
2026/10/02 09:35:10.451, 83, 855, 810, 13.52, 0x0000000000000001
2026/10/02 09:35:10.589, 82, 855, 810, 12.98, 0x0000000000000001
2026/10/02 09:35:10.729, 82, 1020, 810, 12.66, 0x0000000000000001
2026/10/02 09:35:10.848, 82, 1020, 810, 12.40, 0x0000000000000001
2026/10/02 09:35:10.974, 82, 1020, 810, 11.92, 0x0000000000000001
2026/10/02 09:35:11.101, 82, 1020, 810, 11.68, 0x0000000000000001
2026/10/02 09:35:11.242, 82, 1020, 810, 11.57, 0x0000000000000001
2026/10/02 09:35:11.379, 82, 1020, 810, 11.72, 0x0000000000000001
2026/10/02 09:35:11.509, 82, 1020, 810, 12.12, 0x0000000000000001
2026/10/02 09:35:11.629, 82, 1020, 810, 12.41, 0x0000000000000001
2026/10/02 09:35:11.752, 82, 1290, 6001, 13.04, 0x0000000000000001
2026/10/02 09:35:11.880, 82, 1290, 6001, 13.39, 0x0000000000000001
2026/10/02 09:35:12.015, 83, 1290, 6001, 14.16, 0x0000000000000001
2026/10/02 09:35:12.159, 83, 1290, 6001, 14.56, 0x0000000000000001
2026/10/02 09:35:12.280, 83, 1290, 7001, 14.97, 0x0000000000000001
2026/10/02 09:35:12.403, 83, 1290, 7001, 15.62, 0x0000000000000001
2026/10/02 09:35:12.558, 83, 1290, 7001, 15.86, 0x0000000000000001
2026/10/02 09:35:12.683, 83, 1290, 8001, 16.15, 0x0000000000000001
2026/10/02 09:35:12.802, 83, 1290, 8001, 16.46, 0x0000000000000001
2026/10/02 09:35:12.920, 83, 1290, 8001, 17.24, 0x0000000000000001
2026/10/02 09:35:13.039, 83, 1290, 8001, 17.35, 0x0000000000000001
2026/10/02 09:35:13.159, 83, 1290, 8001, 17.56, 0x0000000000000001
2026/10/02 09:35:13.279, 83, 1155, 8001, 17.91, 0x0000000000000001
2026/10/02 09:35:13.413, 83, 1155, 8001, 18.13, 0x0000000000000001
2026/10/02 09:35:13.543, 83, 1155, 8001, 18.28, 0x0000000000000001
2026/10/02 09:35:13.663, 83, 1155, 8001, 18.30, 0x0000000000000001
2026/10/02 09:35:13.781, 83, 1110, 7001, 18.09, 0x0000000000000001
2026/10/02 09:35:13.899, 83, 1110, 7001, 17.28, 0x0000000000000001
2026/10/02 09:35:14.039, 83, 1110, 7001, 17.05, 0x0000000000000001
2026/10/02 09:35:14.156, 83, 1110, 7001, 16.71, 0x0000000000000001
2026/10/02 09:35:14.274, 83, 1050, 6001, 16.37, 0x0000000000000001
2026/10/02 09:35:14.399, 83, 1050, 6001, 15.10, 0x0000000000000001
2026/10/02 09:35:14.529, 83, 1050, 6001, 15.17, 0x0000000000000001
2026/10/02 09:35:14.651, 83, 1050, 6001, 14.81, 0x0000000000000001
2026/10/02 09:35:14.767, 83, 1395, 7001, 14.96, 0x0000000000000001
2026/10/02 09:35:14.883, 83, 1395, 7001, 15.22, 0x0000000000000001
2026/10/02 09:35:15.019, 83, 1395, 7001, 15.38, 0x0000000000000001
2026/10/02 09:35:15.141, 83, 1395, 7001, 15.74, 0x0000000000000001
2026/10/02 09:35:15.256, 83, 1395, 8001, 16.31, 0x0000000000000001
2026/10/02 09:35:15.390, 83, 1395, 8001, 17.13, 0x0000000000000001
2026/10/02 09:35:15.529, 83, 1395, 8001, 17.96, 0x0000000000000001
2026/10/02 09:35:15.648, 83, 1395, 8001, 18.08, 0x0000000000000001
2026/10/02 09:35:15.765, 83, 1395, 8001, 18.73, 0x0000000000000001
2026/10/02 09:35:15.904, 83, 1395, 8001, 18.73, 0x0000000000000001
2026/10/02 09:35:16.025, 83, 1395, 8001, 19.13, 0x0000000000000001
2026/10/02 09:35:16.141, 83, 1395, 8001, 19.09, 0x0000000000000001
2026/10/02 09:35:16.257, 83, 1395, 8001, 19.02, 0x0000000000000001
2026/10/02 09:35:16.395, 83, 1395, 8001, 18.90, 0x0000000000000001
2026/10/02 09:35:16.514, 83, 1395, 8001, 18.49, 0x0000000000000001
2026/10/02 09:35:16.633, 83, 1140, 8001, 18.07, 0x0000000000000001
2026/10/02 09:35:16.769, 83, 1140, 8001, 17.78, 0x0000000000000001
2026/10/02 09:35:16.887, 83, 1140, 8001, 17.71, 0x0000000000000001
2026/10/02 09:35:17.004, 83, 1140, 8001, 17.63, 0x0000000000000001
2026/10/02 09:35:17.140, 83, 1260, 8001, 17.56, 0x0000000000000001
2026/10/02 09:35:17.263, 83, 1260, 8001, 17.40, 0x0000000000000001
2026/10/02 09:35:17.383, 83, 1260, 8001, 17.35, 0x0000000000000001
2026/10/02 09:35:17.505, 83, 1260, 8001, 17.37, 0x0000000000000001
2026/10/02 09:35:17.632, 83, 1260, 8001, 17.85, 0x0000000000000001
2026/10/02 09:35:17.771, 83, 1260, 8001, 17.89, 0x0000000000000001
2026/10/02 09:35:17.890, 83, 1260, 8001, 17.86, 0x0000000000000001
2026/10/02 09:35:18.006, 83, 1260, 8001, 17.83, 0x0000000000000001
2026/10/02 09:35:18.145, 83, 1260, 8001, 17.87, 0x0000000000000001
2026/10/02 09:35:18.281, 83, 1260, 8001, 17.88, 0x0000000000000001
2026/10/02 09:35:18.398, 83, 1260, 8001, 17.93, 0x0000000000000001
2026/10/02 09:35:18.517, 83, 1260, 8001, 18.10, 0x0000000000000001
2026/10/02 09:35:18.650, 83, 1260, 8001, 18.11, 0x0000000000000001
2026/10/02 09:35:19.357, 83, 1260, 8001, 18.15, 0x0000000000000001
2026/10/02 09:35:19.477, 83, 1260, 8001, 18.21, 0x0000000000000001
2026/10/02 09:35:19.604, 83, 1260, 8001, 18.16, 0x0000000000000001
2026/10/02 09:35:19.723, 83, 1185, 8001, 18.11, 0x0000000000000001
2026/10/02 09:35:19.840, 83, 1185, 8001, 18.10, 0x0000000000000001
2026/10/02 09:35:19.957, 83, 1185, 8001, 18.11, 0x0000000000000001
2026/10/02 09:35:20.074, 83, 1185, 8001, 18.05, 0x0000000000000001
2026/10/02 09:35:20.202, 83, 1305, 8001, 18.05, 0x0000000000000001
2026/10/02 09:35:20.324, 83, 1305, 8001, 18.05, 0x0000000000000001
2026/10/02 09:35:20.446, 83, 1305, 8001, 18.08, 0x0000000000000001
2026/10/02 09:35:20.573, 83, 1305, 8001, 18.25, 0x0000000000000001
2026/10/02 09:35:20.692, 83, 1305, 8001, 18.40, 0x0000000000000001
2026/10/02 09:35:20.821, 83, 1305, 8001, 18.40, 0x0000000000000001
2026/10/02 09:35:20.943, 83, 1305, 8001, 18.42, 0x0000000000000001
2026/10/02 09:35:21.059, 83, 1305, 8001, 18.50, 0x0000000000000001
2026/10/02 09:35:21.185, 83, 1305, 8001, 18.53, 0x0000000000000001
2026/10/02 09:35:21.305, 83, 1305, 8001, 18.54, 0x0000000000000001
2026/10/02 09:35:21.436, 83, 1305, 8001, 18.57, 0x0000000000000001
2026/10/02 09:35:21.551, 83, 1305, 8001, 18.66, 0x0000000000000001
2026/10/02 09:35:21.667, 83, 1305, 8001, 18.65, 0x0000000000000001
2026/10/02 09:35:21.803, 83, 1305, 8001, 18.62, 0x0000000000000001
2026/10/02 09:35:21.920, 83, 1305, 8001, 18.57, 0x0000000000000001
2026/10/02 09:35:22.038, 83, 1305, 8001, 18.49, 0x0000000000000001
2026/10/02 09:35:22.173, 83, 1125, 8001, 18.44, 0x0000000000000001
2026/10/02 09:35:22.296, 83, 1125, 8001, 18.41, 0x0000000000000001
2026/10/02 09:35:22.414, 83, 1125, 8001, 18.41, 0x0000000000000001
2026/10/02 09:35:22.534, 83, 1125, 8001, 18.35, 0x0000000000000001
2026/10/02 09:35:22.672, 83, 1110, 8001, 18.23, 0x0000000000000001
2026/10/02 09:35:22.794, 83, 1110, 8001, 17.95, 0x0000000000000001
2026/10/02 09:35:22.918, 83, 1110, 8001, 17.66, 0x0000000000000001
2026/10/02 09:35:23.047, 83, 1110, 8001, 16.39, 0x0000000000000001
2026/10/02 09:35:23.172, 83, 1005, 6001, 16.16, 0x0000000000000001
2026/10/02 09:35:23.316, 83, 1005, 6001, 15.35, 0x0000000000000001
2026/10/02 09:35:23.454, 83, 1005, 6001, 15.27, 0x0000000000000001
2026/10/02 09:35:23.572, 83, 1005, 6001, 14.94, 0x0000000000000001
2026/10/02 09:35:23.690, 83, 990, 6001, 14.58, 0x0000000000000001
2026/10/02 09:35:23.809, 83, 990, 6001, 14.14, 0x0000000000000001
2026/10/02 09:35:23.936, 83, 990, 6001, 14.07, 0x0000000000000001
2026/10/02 09:35:24.061, 83, 990, 6001, 14.27, 0x0000000000000001
2026/10/02 09:35:24.209, 83, 930, 6001, 14.53, 0x0000000000000001
2026/10/02 09:35:24.345, 83, 930, 6001, 14.45, 0x0000000000000001
2026/10/02 09:35:24.466, 83, 930, 6001, 14.35, 0x0000000000000001
2026/10/02 09:35:24.601, 83, 915, 6001, 14.32, 0x0000000000000001
2026/10/02 09:35:24.756, 83, 915, 6001, 14.23, 0x0000000000000001
2026/10/02 09:35:24.894, 83, 915, 6001, 14.28, 0x0000000000000001
2026/10/02 09:35:25.013, 83, 915, 6001, 14.29, 0x0000000000000001
2026/10/02 09:35:25.160, 83, 990, 6001, 14.22, 0x0000000000000001
2026/10/02 09:35:25.286, 83, 990, 6001, 14.24, 0x0000000000000001
2026/10/02 09:35:25.405, 83, 990, 6001, 14.27, 0x0000000000000001
2026/10/02 09:35:25.550, 83, 990, 810, 14.14, 0x0000000000000001
2026/10/02 09:35:25.684, 83, 1050, 810, 13.69, 0x0000000000000001
2026/10/02 09:35:25.808, 83, 1050, 810, 13.51, 0x0000000000000001
2026/10/02 09:35:25.936, 83, 1050, 810, 13.06, 0x0000000000000001
2026/10/02 09:35:26.055, 83, 1050, 810, 12.95, 0x0000000000000001
2026/10/02 09:35:26.173, 83, 1050, 810, 12.59, 0x0000000000000001
2026/10/02 09:35:26.323, 83, 1050, 810, 12.32, 0x0000000000000001
2026/10/02 09:35:26.474, 83, 1050, 810, 11.75, 0x0000000000000001
2026/10/02 09:35:26.601, 83, 1050, 810, 11.68, 0x0000000000000001
2026/10/02 09:35:26.727, 83, 1050, 810, 11.64, 0x0000000000000001
2026/10/02 09:35:26.864, 83, 1050, 810, 11.63, 0x0000000000000001
2026/10/02 09:35:26.997, 83, 1050, 810, 11.62, 0x0000000000000001
2026/10/02 09:35:27.120, 83, 1050, 810, 11.61, 0x0000000000000001
2026/10/02 09:35:27.254, 83, 1050, 810, 11.60, 0x0000000000000001
2026/10/02 09:35:27.375, 83, 1050, 810, 11.61, 0x0000000000000001
2026/10/02 09:35:27.507, 83, 1050, 810, 11.54, 0x0000000000000001
2026/10/02 09:35:27.646, 83, 900, 810, 11.58, 0x0000000000000001
2026/10/02 09:35:27.766, 83, 900, 810, 11.59, 0x0000000000000001
2026/10/02 09:35:27.897, 83, 900, 810, 11.55, 0x0000000000000001
2026/10/02 09:35:28.036, 83, 855, 810, 11.53, 0x0000000000000001
2026/10/02 09:35:28.156, 83, 855, 810, 11.52, 0x0000000000000001
2026/10/02 09:35:28.293, 83, 855, 810, 11.46, 0x0000000000000001
2026/10/02 09:35:28.439, 83, 855, 810, 11.42, 0x0000000000000001
2026/10/02 09:35:28.569, 83, 930, 810, 11.42, 0x0000000000000001
2026/10/02 09:35:28.694, 83, 930, 810, 11.39, 0x0000000000000001
2026/10/02 09:35:28.825, 83, 930, 810, 11.40, 0x0000000000000001
2026/10/02 09:35:28.945, 83, 930, 810, 11.43, 0x0000000000000001
2026/10/02 09:35:29.075, 83, 930, 810, 11.40, 0x0000000000000001
2026/10/02 09:35:29.221, 83, 930, 810, 11.40, 0x0000000000000001
2026/10/02 09:35:29.340, 83, 930, 810, 11.45, 0x0000000000000001
2026/10/02 09:35:29.487, 83, 930, 810, 11.52, 0x0000000000000001
2026/10/02 09:35:29.660, 83, 930, 810, 11.48, 0x0000000000000001
2026/10/02 09:35:29.784, 83, 930, 810, 11.45, 0x0000000000000001
2026/10/02 09:35:29.910, 83, 930, 810, 11.43, 0x0000000000000001
2026/10/02 09:35:30.044, 83, 975, 810, 11.44, 0x0000000000000001
2026/10/02 09:35:30.182, 83, 975, 810, 11.44, 0x0000000000000001
2026/10/02 09:35:30.299, 83, 975, 810, 11.90, 0x0000000000000001
2026/10/02 09:35:30.417, 83, 975, 810, 12.10, 0x0000000000000001
2026/10/02 09:35:30.545, 83, 1080, 6001, 12.33, 0x0000000000000001
2026/10/02 09:35:30.686, 83, 1080, 6001, 12.88, 0x0000000000000001
2026/10/02 09:35:30.810, 83, 1080, 6001, 13.20, 0x0000000000000001
2026/10/02 09:35:30.933, 83, 1080, 6001, 13.51, 0x0000000000000001
2026/10/02 09:35:31.069, 83, 1080, 7001, 14.46, 0x0000000000000001
2026/10/02 09:35:31.235, 83, 1080, 7001, 14.44, 0x0000000000000001
2026/10/02 09:35:31.360, 83, 1080, 7001, 14.58, 0x0000000000000001
2026/10/02 09:35:31.484, 83, 1080, 8001, 15.13, 0x0000000000000001
2026/10/02 09:35:31.603, 83, 1080, 8001, 15.32, 0x0000000000000001
2026/10/02 09:35:31.722, 83, 1080, 8001, 15.64, 0x0000000000000001
2026/10/02 09:35:31.841, 83, 1080, 8001, 15.91, 0x0000000000000001
2026/10/02 09:35:31.977, 83, 825, 810, 16.22, 0x0000000000000001
2026/10/02 09:35:32.097, 83, 825, 810, 15.79, 0x0000000000000001
2026/10/02 09:35:32.221, 83, 825, 810, 15.55, 0x0000000000000001
2026/10/02 09:35:32.373, 83, 825, 810, 14.90, 0x0000000000000001
2026/10/02 09:35:32.499, 83, 795, 810, 14.49, 0x0000000000000001
2026/10/02 09:35:32.625, 83, 795, 810, 13.43, 0x0000000000000001
2026/10/02 09:35:32.764, 83, 795, 810, 12.39, 0x0000000000000001
2026/10/02 09:35:32.894, 83, 795, 810, 11.77, 0x0000000000000001
2026/10/02 09:35:33.016, 83, 780, 810, 11.45, 0x0000000000000001
2026/10/02 09:35:33.153, 83, 780, 810, 11.40, 0x0000000000000001
2026/10/02 09:35:33.293, 83, 780, 810, 11.37, 0x0000000000000001
2026/10/02 09:35:33.427, 83, 750, 810, 11.39, 0x0000000000000001
2026/10/02 09:35:33.549, 83, 750, 810, 11.36, 0x0000000000000001
2026/10/02 09:35:33.684, 83, 750, 810, 11.31, 0x0000000000000001
2026/10/02 09:35:33.811, 83, 750, 810, 11.28, 0x0000000000000001
2026/10/02 09:35:33.944, 83, 855, 810, 11.29, 0x0000000000000001
2026/10/02 09:35:34.084, 82, 855, 810, 11.33, 0x0000000000000001
2026/10/02 09:35:34.203, 82, 855, 810, 11.34, 0x0000000000000001
2026/10/02 09:35:34.330, 82, 855, 810, 11.37, 0x0000000000000001
2026/10/02 09:35:34.465, 83, 855, 810, 11.33, 0x0000000000000001
2026/10/02 09:35:34.601, 83, 855, 810, 11.38, 0x0000000000000001
2026/10/02 09:35:34.728, 83, 855, 810, 11.38, 0x0000000000000001
2026/10/02 09:35:34.849, 83, 855, 810, 11.38, 0x0000000000000001
2026/10/02 09:35:34.968, 83, 855, 810, 11.38, 0x0000000000000001
2026/10/02 09:35:35.090, 83, 855, 810, 11.37, 0x0000000000000001
2026/10/02 09:35:35.208, 83, 855, 810, 11.38, 0x0000000000000001
2026/10/02 09:35:35.337, 83, 855, 810, 11.36, 0x0000000000000001
2026/10/02 09:35:35.457, 83, 840, 810, 11.35, 0x0000000000000001
2026/10/02 09:35:35.586, 83, 840, 810, 11.31, 0x0000000000000001
2026/10/02 09:35:35.730, 83, 840, 810, 11.31, 0x0000000000000001
2026/10/02 09:35:35.849, 83, 840, 810, 11.29, 0x0000000000000001
2026/10/02 09:35:35.986, 82, 795, 810, 11.28, 0x0000000000000001
2026/10/02 09:35:36.108, 82, 795, 810, 11.29, 0x0000000000000001
2026/10/02 09:35:36.237, 82, 795, 810, 11.27, 0x0000000000000001
2026/10/02 09:35:36.381, 82, 780, 810, 11.23, 0x0000000000000001
2026/10/02 09:35:36.509, 82, 780, 810, 11.22, 0x0000000000000001
2026/10/02 09:35:36.634, 82, 780, 810, 11.22, 0x0000000000000001
2026/10/02 09:35:36.753, 82, 780, 810, 11.22, 0x0000000000000001
2026/10/02 09:35:36.893, 82, 765, 810, 11.19, 0x0000000000000001
2026/10/02 09:35:37.029, 82, 765, 810, 11.19, 0x0000000000000001
2026/10/02 09:35:37.159, 82, 765, 810, 11.19, 0x0000000000000001
2026/10/02 09:35:37.293, 82, 765, 810, 11.16, 0x0000000000000001
2026/10/02 09:35:37.444, 82, 750, 810, 11.15, 0x0000000000000001
2026/10/02 09:35:37.587, 82, 750, 810, 11.12, 0x0000000000000001
2026/10/02 09:35:37.708, 82, 750, 810, 11.10, 0x0000000000000001
2026/10/02 09:35:37.854, 82, 705, 810, 11.07, 0x0000000000000001
2026/10/02 09:35:38.006, 82, 705, 810, 11.06, 0x0000000000000001
2026/10/02 09:35:38.145, 82, 705, 810, 11.06, 0x0000000000000001
2026/10/02 09:35:38.297, 82, 705, 6001, 11.03, 0x0000000000000001
2026/10/02 09:35:38.432, 82, 1890, 6001, 12.25, 0x0000000000000001
2026/10/02 09:35:38.552, 82, 1890, 6001, 13.04, 0x0000000000000001
2026/10/02 09:35:38.674, 82, 1890, 6001, 14.17, 0x0000000000000001
2026/10/02 09:35:38.804, 83, 1890, 7001, 15.54, 0x0000000000000001
2026/10/02 09:35:38.936, 83, 1890, 7001, 16.41, 0x0000000000000001
2026/10/02 09:35:39.056, 83, 1890, 7001, 17.27, 0x0000000000000001
2026/10/02 09:35:39.175, 83, 1890, 7001, 18.20, 0x0000000000000001
2026/10/02 09:35:39.294, 83, 1890, 7001, 19.76, 0x0000000000000001
2026/10/02 09:35:39.427, 83, 1890, 7001, 20.29, 0x0000000000000001
2026/10/02 09:35:39.563, 83, 1890, 7001, 20.57, 0x0000000000000001
2026/10/02 09:35:39.681, 83, 1890, 7001, 20.90, 0x0000000000000001
2026/10/02 09:35:39.807, 84, 1890, 8001, 21.53, 0x0000000000000001
2026/10/02 09:35:39.936, 84, 1890, 8001, 21.78, 0x0000000000000001
2026/10/02 09:35:40.075, 84, 1890, 8001, 22.16, 0x0000000000000001
2026/10/02 09:35:40.200, 84, 1890, 8001, 22.96, 0x0000000000000001
2026/10/02 09:35:40.331, 84, 1890, 8001, 23.61, 0x0000000000000001
2026/10/02 09:35:40.454, 84, 1890, 8001, 23.62, 0x0000000000000001
2026/10/02 09:35:40.579, 84, 1890, 8001, 23.91, 0x0000000000000001
2026/10/02 09:35:40.704, 84, 1890, 8001, 23.88, 0x0000000000000001
2026/10/02 09:35:40.828, 84, 1890, 8001, 23.92, 0x0000000000000001
2026/10/02 09:35:40.950, 84, 1890, 8001, 23.91, 0x0000000000000001
2026/10/02 09:35:41.078, 84, 1890, 8001, 23.84, 0x0000000000000001
2026/10/02 09:35:41.216, 84, 1890, 8001, 23.73, 0x0000000000000001
2026/10/02 09:35:41.335, 84, 1200, 8001, 23.15, 0x0000000000000001
2026/10/02 09:35:41.452, 84, 1200, 8001, 21.94, 0x0000000000000001
2026/10/02 09:35:41.610, 84, 1200, 8001, 21.58, 0x0000000000000001
2026/10/02 09:35:41.745, 84, 1110, 7001, 20.52, 0x0000000000000001
2026/10/02 09:35:41.866, 84, 1110, 7001, 19.81, 0x0000000000000001
2026/10/02 09:35:41.985, 84, 1110, 7001, 19.08, 0x0000000000000001
2026/10/02 09:35:42.118, 83, 1110, 7001, 18.32, 0x0000000000000001
2026/10/02 09:35:42.237, 83, 1065, 6001, 16.66, 0x0000000000000001
2026/10/02 09:35:42.362, 83, 1065, 6001, 16.85, 0x0000000000000001
2026/10/02 09:35:42.480, 83, 1065, 6001, 17.45, 0x0000000000000001
2026/10/02 09:35:42.598, 83, 1065, 6001, 18.00, 0x0000000000000001
2026/10/02 09:35:42.725, 83, 1065, 6001, 18.39, 0x0000000000000001
2026/10/02 09:35:42.847, 83, 1890, 8001, 19.35, 0x0000000000000001
2026/10/02 09:35:42.986, 84, 1890, 8001, 19.96, 0x0000000000000001
2026/10/02 09:35:43.123, 84, 1890, 8001, 21.31, 0x0000000000000001
2026/10/02 09:35:43.247, 84, 1890, 8001, 22.02, 0x0000000000000001
2026/10/02 09:35:43.379, 84, 1890, 8001, 22.72, 0x0000000000000001
2026/10/02 09:35:43.516, 84, 1890, 8001, 22.74, 0x0000000000000001
2026/10/02 09:35:43.641, 84, 1890, 8001, 22.74, 0x0000000000000001
2026/10/02 09:35:43.771, 84, 1890, 8001, 22.82, 0x0000000000000001
2026/10/02 09:35:43.893, 84, 1890, 8001, 22.80, 0x0000000000000001
2026/10/02 09:35:44.023, 84, 1890, 8001, 22.87, 0x0000000000000001
2026/10/02 09:35:44.165, 84, 1890, 8001, 22.93, 0x0000000000000001
2026/10/02 09:35:44.287, 84, 1890, 8001, 23.01, 0x0000000000000001
2026/10/02 09:35:44.412, 84, 1890, 8001, 23.19, 0x0000000000000001
2026/10/02 09:35:44.559, 84, 1890, 8001, 23.32, 0x0000000000000001
2026/10/02 09:35:44.685, 84, 1890, 8001, 23.32, 0x0000000000000001
2026/10/02 09:35:44.812, 84, 1890, 8001, 23.39, 0x0000000000000001
2026/10/02 09:35:44.933, 84, 1890, 8001, 23.47, 0x0000000000000001
2026/10/02 09:35:45.059, 84, 1890, 8001, 23.49, 0x0000000000000001
2026/10/02 09:35:45.204, 84, 1275, 8001, 23.09, 0x0000000000000001
2026/10/02 09:35:45.329, 84, 1275, 8001, 22.64, 0x0000000000000001
2026/10/02 09:35:45.461, 84, 1275, 8001, 22.12, 0x0000000000000001
2026/10/02 09:35:45.579, 84, 1275, 8001, 21.08, 0x0000000000000001
2026/10/02 09:35:45.707, 84, 1140, 8001, 20.51, 0x0000000000000001
2026/10/02 09:35:45.848, 83, 1140, 8001, 20.00, 0x0000000000000001
2026/10/02 09:35:45.968, 83, 1140, 8001, 19.06, 0x0000000000000001
2026/10/02 09:35:46.095, 83, 1140, 8001, 18.08, 0x0000000000000001
2026/10/02 09:35:46.218, 83, 1050, 810, 16.86, 0x0000000000000001
2026/10/02 09:35:46.344, 83, 1050, 810, 15.56, 0x0000000000000001
2026/10/02 09:35:46.499, 83, 1050, 810, 14.96, 0x0000000000000001
2026/10/02 09:35:46.638, 83, 1050, 810, 14.36, 0x0000000000000001
2026/10/02 09:35:46.758, 83, 975, 810, 13.19, 0x0000000000000001
2026/10/02 09:35:46.895, 83, 975, 810, 13.02, 0x0000000000000001
2026/10/02 09:35:47.038, 83, 975, 810, 11.95, 0x0000000000000001
2026/10/02 09:35:47.157, 83, 975, 810, 11.70, 0x0000000000000001
2026/10/02 09:35:47.299, 83, 930, 810, 11.66, 0x0000000000000001
2026/10/02 09:35:47.426, 83, 930, 810, 11.66, 0x0000000000000001
2026/10/02 09:35:47.549, 83, 930, 810, 11.62, 0x0000000000000001
2026/10/02 09:35:47.689, 83, 885, 810, 11.55, 0x0000000000000001
2026/10/02 09:35:47.823, 83, 885, 810, 11.54, 0x0000000000000001
2026/10/02 09:35:47.942, 83, 885, 810, 11.51, 0x0000000000000001
2026/10/02 09:35:48.090, 83, 885, 810, 11.39, 0x0000000000000001
2026/10/02 09:35:48.216, 83, 855, 810, 11.39, 0x0000000000000001
2026/10/02 09:35:48.335, 83, 855, 810, 11.40, 0x0000000000000001
2026/10/02 09:35:48.478, 83, 855, 810, 11.38, 0x0000000000000001
2026/10/02 09:35:48.608, 83, 855, 810, 11.35, 0x0000000000000001
2026/10/02 09:35:48.727, 83, 795, 810, 11.38, 0x0000000000000001
2026/10/02 09:35:48.868, 83, 795, 810, 11.32, 0x0000000000000001
2026/10/02 09:35:49.002, 83, 795, 810, 11.35, 0x0000000000000001
2026/10/02 09:35:49.119, 83, 795, 810, 11.42, 0x0000000000000001
2026/10/02 09:35:49.246, 83, 780, 810, 11.40, 0x0000000000000001
2026/10/02 09:35:49.381, 83, 780, 810, 11.38, 0x0000000000000001
2026/10/02 09:35:49.508, 83, 780, 810, 11.40, 0x0000000000000001
2026/10/02 09:35:49.638, 83, 750, 810, 11.38, 0x0000000000000001
2026/10/02 09:35:49.767, 83, 750, 810, 11.38, 0x0000000000000001
2026/10/02 09:35:49.892, 83, 750, 810, 11.37, 0x0000000000000001
2026/10/02 09:35:50.011, 83, 750, 810, 11.37, 0x0000000000000001
2026/10/02 09:35:50.146, 83, 810, 810, 11.34, 0x0000000000000001
2026/10/02 09:35:50.266, 83, 810, 810, 11.31, 0x0000000000000001
2026/10/02 09:35:50.391, 83, 810, 810, 11.31, 0x0000000000000001
2026/10/02 09:35:50.515, 83, 810, 810, 11.32, 0x0000000000000001
2026/10/02 09:35:50.654, 83, 870, 810, 11.29, 0x0000000000000001
2026/10/02 09:35:50.803, 83, 870, 810, 11.32, 0x0000000000000001
2026/10/02 09:35:50.952, 83, 870, 810, 11.29, 0x0000000000000001
2026/10/02 09:35:51.076, 83, 870, 810, 11.30, 0x0000000000000001
2026/10/02 09:35:51.210, 83, 870, 810, 11.33, 0x0000000000000001
2026/10/02 09:35:51.340, 83, 870, 810, 11.34, 0x0000000000000001
2026/10/02 09:35:51.462, 83, 870, 810, 11.33, 0x0000000000000001
2026/10/02 09:35:52.201, 83, 870, 810, 11.38, 0x0000000000000001
2026/10/02 09:35:52.349, 83, 870, 810, 11.36, 0x0000000000000001
2026/10/02 09:35:52.493, 83, 870, 810, 11.36, 0x0000000000000001
2026/10/02 09:35:52.663, 83, 870, 810, 11.35, 0x0000000000000001
2026/10/02 09:35:52.823, 83, 915, 810, 11.33, 0x0000000000000001
2026/10/02 09:35:52.956, 83, 915, 810, 11.34, 0x0000000000000001
2026/10/02 09:35:53.078, 83, 915, 810, 11.35, 0x0000000000000001
2026/10/02 09:35:53.220, 83, 915, 810, 11.31, 0x0000000000000001
2026/10/02 09:35:53.355, 83, 915, 810, 11.33, 0x0000000000000001
2026/10/02 09:35:53.493, 83, 915, 810, 11.32, 0x0000000000000001
2026/10/02 09:35:53.622, 83, 915, 810, 11.30, 0x0000000000000001
2026/10/02 09:35:53.743, 83, 915, 810, 11.34, 0x0000000000000001
2026/10/02 09:35:53.863, 83, 915, 810, 11.33, 0x0000000000000001
2026/10/02 09:35:54.001, 83, 915, 810, 11.26, 0x0000000000000001
2026/10/02 09:35:54.143, 83, 915, 810, 11.22, 0x0000000000000001
2026/10/02 09:35:54.274, 83, 915, 810, 11.29, 0x0000000000000001
2026/10/02 09:35:54.406, 83, 915, 810, 11.26, 0x0000000000000001
2026/10/02 09:35:54.552, 82, 915, 810, 11.27, 0x0000000000000001
2026/10/02 09:35:54.679, 82, 855, 810, 11.24, 0x0000000000000001
2026/10/02 09:35:54.807, 82, 855, 810, 11.23, 0x0000000000000001
2026/10/02 09:35:54.935, 82, 855, 810, 11.24, 0x0000000000000001
2026/10/02 09:35:55.064, 82, 855, 810, 11.26, 0x0000000000000001
2026/10/02 09:35:55.193, 82, 810, 810, 11.28, 0x0000000000000001
2026/10/02 09:35:55.321, 82, 810, 810, 11.25, 0x0000000000000001
2026/10/02 09:35:55.458, 82, 810, 810, 11.27, 0x0000000000000001
2026/10/02 09:35:55.587, 83, 810, 810, 11.27, 0x0000000000000001
2026/10/02 09:35:55.708, 83, 795, 810, 11.26, 0x0000000000000001
2026/10/02 09:35:55.827, 83, 795, 810, 11.29, 0x0000000000000001
2026/10/02 09:35:55.961, 83, 795, 810, 11.28, 0x0000000000000001
2026/10/02 09:35:56.090, 83, 795, 810, 11.29, 0x0000000000000001
2026/10/02 09:35:56.213, 83, 795, 810, 11.29, 0x0000000000000001
2026/10/02 09:35:56.358, 83, 795, 810, 11.24, 0x0000000000000001
2026/10/02 09:35:56.485, 82, 795, 810, 11.24, 0x0000000000000001
2026/10/02 09:35:56.615, 82, 795, 810, 11.23, 0x0000000000000001
2026/10/02 09:35:56.790, 82, 765, 810, 11.22, 0x0000000000000001
2026/10/02 09:35:56.950, 82, 765, 810, 11.22, 0x0000000000000001
2026/10/02 09:35:57.079, 82, 765, 810, 11.23, 0x0000000000000001
2026/10/02 09:35:57.197, 82, 1890, 6001, 12.45, 0x0000000000000001
2026/10/02 09:35:57.325, 82, 1890, 6001, 13.27, 0x0000000000000001
2026/10/02 09:35:57.471, 82, 1890, 6001, 13.87, 0x0000000000000001
2026/10/02 09:35:57.592, 82, 1890, 6001, 16.02, 0x0000000000000001
2026/10/02 09:35:57.742, 82, 1890, 6001, 16.37, 0x0000000000000001
2026/10/02 09:35:57.859, 84, 1890, 6001, 17.26, 0x0000000000000001
2026/10/02 09:35:57.996, 84, 1890, 6001, 18.97, 0x0000000000000001
2026/10/02 09:35:58.138, 84, 1890, 7001, 19.84, 0x0000000000000001
2026/10/02 09:35:58.255, 84, 1890, 7001, 20.47, 0x0000000000000001
2026/10/02 09:35:58.374, 84, 1890, 7001, 21.20, 0x0000000000000001
2026/10/02 09:35:58.494, 84, 1890, 7001, 21.63, 0x0000000000000001
2026/10/02 09:35:58.610, 84, 1890, 8001, 21.82, 0x0000000000000001
2026/10/02 09:35:58.742, 84, 1890, 8001, 22.15, 0x0000000000000001
2026/10/02 09:35:58.884, 84, 1890, 8001, 22.83, 0x0000000000000001
2026/10/02 09:35:59.017, 84, 1890, 8001, 23.13, 0x0000000000000001
2026/10/02 09:35:59.153, 84, 1890, 8001, 23.46, 0x0000000000000001
2026/10/02 09:35:59.278, 84, 1890, 8001, 24.08, 0x0000000000000001
2026/10/02 09:35:59.413, 84, 1890, 8001, 24.07, 0x0000000000000001
2026/10/02 09:35:59.534, 84, 1890, 8001, 23.95, 0x0000000000000001
2026/10/02 09:35:59.653, 84, 1890, 8001, 23.77, 0x0000000000000001
2026/10/02 09:35:59.774, 84, 1890, 8001, 23.73, 0x0000000000000001
2026/10/02 09:35:59.905, 84, 1890, 8001, 23.64, 0x0000000000000001
2026/10/02 09:36:00.038, 84, 1890, 8001, 23.61, 0x0000000000000001
2026/10/02 09:36:00.159, 84, 1890, 8001, 23.64, 0x0000000000000001
2026/10/02 09:36:00.285, 84, 1890, 8001, 23.56, 0x0000000000000001
2026/10/02 09:36:00.418, 84, 1890, 8001, 23.64, 0x0000000000000001
2026/10/02 09:36:00.533, 84, 1890, 8001, 23.51, 0x0000000000000001
2026/10/02 09:36:00.662, 84, 1410, 8001, 23.22, 0x0000000000000001
2026/10/02 09:36:00.788, 84, 1410, 8001, 22.77, 0x0000000000000001
2026/10/02 09:36:00.906, 84, 1410, 8001, 22.45, 0x0000000000000001
2026/10/02 09:36:01.028, 84, 1410, 8001, 21.51, 0x0000000000000001
2026/10/02 09:36:01.179, 83, 1335, 8001, 20.55, 0x0000000000000001
2026/10/02 09:36:01.347, 83, 1335, 8001, 19.70, 0x0000000000000001
2026/10/02 09:36:01.489, 83, 1335, 8001, 19.08, 0x0000000000000001
2026/10/02 09:36:01.613, 83, 1185, 8001, 18.06, 0x0000000000000001
2026/10/02 09:36:01.737, 83, 1185, 8001, 17.70, 0x0000000000000001
2026/10/02 09:36:01.866, 83, 1185, 8001, 17.29, 0x0000000000000001
2026/10/02 09:36:02.008, 83, 1185, 8001, 16.23, 0x0000000000000001
2026/10/02 09:36:02.131, 83, 1050, 810, 15.82, 0x0000000000000001
2026/10/02 09:36:02.270, 83, 1050, 810, 15.03, 0x0000000000000001
2026/10/02 09:36:02.401, 83, 1050, 810, 13.88, 0x0000000000000001
2026/10/02 09:36:02.521, 83, 1050, 810, 13.27, 0x0000000000000001
2026/10/02 09:36:02.667, 83, 1005, 810, 13.26, 0x0000000000000001
2026/10/02 09:36:02.793, 83, 1005, 810, 13.20, 0x0000000000000001
2026/10/02 09:36:02.935, 83, 1005, 810, 13.19, 0x0000000000000001
2026/10/02 09:36:03.061, 83, 1080, 7001, 13.18, 0x0000000000000001
2026/10/02 09:36:03.191, 83, 1080, 7001, 13.82, 0x0000000000000001
2026/10/02 09:36:03.323, 83, 1080, 7001, 14.33, 0x0000000000000001
2026/10/02 09:36:03.466, 83, 1080, 7001, 14.84, 0x0000000000000001
2026/10/02 09:36:03.596, 83, 1080, 8001, 15.92, 0x0000000000000001
2026/10/02 09:36:03.731, 83, 1080, 8001, 16.27, 0x0000000000000001
2026/10/02 09:36:03.872, 83, 1080, 8001, 16.69, 0x0000000000000001
2026/10/02 09:36:04.004, 83, 1080, 8001, 16.94, 0x0000000000000001
2026/10/02 09:36:04.133, 83, 1080, 8001, 17.41, 0x0000000000000001
2026/10/02 09:36:04.252, 83, 1080, 8001, 17.47, 0x0000000000000001
2026/10/02 09:36:04.370, 83, 1080, 8001, 17.25, 0x0000000000000001
2026/10/02 09:36:04.497, 83, 1080, 8001, 16.77, 0x0000000000000001
2026/10/02 09:36:04.622, 83, 1155, 8001, 16.66, 0x0000000000000001
2026/10/02 09:36:04.739, 83, 1155, 8001, 16.77, 0x0000000000000001
2026/10/02 09:36:04.858, 83, 1155, 8001, 16.90, 0x0000000000000001
2026/10/02 09:36:05.008, 83, 1305, 8001, 17.01, 0x0000000000000001
2026/10/02 09:36:05.157, 83, 1305, 8001, 17.17, 0x0000000000000001
2026/10/02 09:36:05.319, 83, 1305, 8001, 17.09, 0x0000000000000001
2026/10/02 09:36:05.472, 83, 1305, 7001, 17.07, 0x0000000000000001
2026/10/02 09:36:05.674, 83, 1305, 7001, 17.22, 0x0000000000000001
2026/10/02 09:36:05.828, 83, 1305, 7001, 17.26, 0x0000000000000001
2026/10/02 09:36:06.040, 83, 1305, 8001, 17.19, 0x0000000000000001
2026/10/02 09:36:06.183, 83, 1305, 8001, 17.23, 0x0000000000000001
2026/10/02 09:36:06.326, 83, 1305, 8001, 17.39, 0x0000000000000001
2026/10/02 09:36:06.449, 83, 1305, 8001, 18.08, 0x0000000000000001
2026/10/02 09:36:06.583, 83, 1305, 8001, 17.92, 0x0000000000000001
2026/10/02 09:36:06.721, 83, 1305, 8001, 17.87, 0x0000000000000001
2026/10/02 09:36:06.843, 83, 1305, 8001, 17.60, 0x0000000000000001
2026/10/02 09:36:06.966, 83, 840, 6001, 17.36, 0x0000000000000001
2026/10/02 09:36:07.090, 83, 840, 6001, 17.17, 0x0000000000000001
2026/10/02 09:36:07.212, 83, 840, 6001, 16.40, 0x0000000000000001
2026/10/02 09:36:07.378, 83, 840, 6001, 16.35, 0x0000000000000001
2026/10/02 09:36:07.504, 83, 1065, 6001, 16.04, 0x0000000000000001
2026/10/02 09:36:07.630, 83, 1065, 6001, 15.87, 0x0000000000000001
2026/10/02 09:36:07.769, 83, 1065, 6001, 15.88, 0x0000000000000001
2026/10/02 09:36:07.900, 83, 1065, 6001, 16.52, 0x0000000000000001
2026/10/02 09:36:08.038, 83, 1215, 7001, 16.83, 0x0000000000000001
2026/10/02 09:36:08.158, 83, 1215, 7001, 17.29, 0x0000000000000001
2026/10/02 09:36:08.279, 83, 1215, 7001, 17.59, 0x0000000000000001
2026/10/02 09:36:08.396, 83, 1215, 7001, 17.93, 0x0000000000000001
2026/10/02 09:36:08.513, 83, 1335, 8001, 18.13, 0x0000000000000001
2026/10/02 09:36:08.644, 83, 1335, 8001, 18.35, 0x0000000000000001
2026/10/02 09:36:08.782, 83, 1335, 8001, 18.51, 0x0000000000000001
2026/10/02 09:36:08.906, 83, 1335, 8001, 18.68, 0x0000000000000001
2026/10/02 09:36:09.023, 83, 1335, 8001, 18.67, 0x0000000000000001
2026/10/02 09:36:09.154, 83, 1335, 8001, 18.60, 0x0000000000000001
2026/10/02 09:36:09.274, 83, 1335, 8001, 18.73, 0x0000000000000001
2026/10/02 09:36:09.396, 83, 1335, 8001, 18.82, 0x0000000000000001
2026/10/02 09:36:09.519, 83, 1335, 8001, 18.81, 0x0000000000000001
2026/10/02 09:36:09.650, 83, 1335, 8001, 18.91, 0x0000000000000001
2026/10/02 09:36:09.775, 83, 1335, 8001, 19.16, 0x0000000000000001
2026/10/02 09:36:09.927, 83, 1155, 8001, 19.14, 0x0000000000000001
2026/10/02 09:36:10.085, 83, 1155, 8001, 19.03, 0x0000000000000001
2026/10/02 09:36:10.214, 83, 1155, 8001, 18.74, 0x0000000000000001
2026/10/02 09:36:10.344, 83, 1155, 8001, 18.32, 0x0000000000000001
2026/10/02 09:36:10.471, 83, 1080, 7001, 17.69, 0x0000000000000001
2026/10/02 09:36:10.615, 83, 1080, 7001, 17.47, 0x0000000000000001
2026/10/02 09:36:10.734, 83, 1080, 7001, 17.47, 0x0000000000000001
2026/10/02 09:36:10.853, 83, 1080, 7001, 17.09, 0x0000000000000001
2026/10/02 09:36:10.988, 83, 1215, 7001, 16.83, 0x0000000000000001
2026/10/02 09:36:11.107, 83, 1215, 7001, 16.60, 0x0000000000000001
2026/10/02 09:36:11.232, 83, 1215, 7001, 16.59, 0x0000000000000001
2026/10/02 09:36:11.358, 83, 1215, 7001, 17.00, 0x0000000000000001
2026/10/02 09:36:11.478, 83, 1215, 8001, 17.11, 0x0000000000000001
2026/10/02 09:36:11.598, 83, 1215, 8001, 17.34, 0x0000000000000001
2026/10/02 09:36:11.724, 83, 1215, 8001, 17.45, 0x0000000000000001
2026/10/02 09:36:11.876, 83, 1215, 8001, 17.55, 0x0000000000000001
2026/10/02 09:36:12.004, 83, 1215, 8001, 17.69, 0x0000000000000001
2026/10/02 09:36:12.146, 83, 1215, 8001, 17.47, 0x0000000000000001
2026/10/02 09:36:12.282, 83, 1215, 8001, 17.30, 0x0000000000000001
2026/10/02 09:36:12.403, 83, 1215, 7001, 17.00, 0x0000000000000001
2026/10/02 09:36:12.529, 83, 1215, 7001, 16.06, 0x0000000000000001
2026/10/02 09:36:12.676, 83, 1215, 7001, 15.91, 0x0000000000000001
2026/10/02 09:36:12.810, 83, 1215, 7001, 15.15, 0x0000000000000001
2026/10/02 09:36:12.929, 83, 795, 6001, 14.50, 0x0000000000000001
2026/10/02 09:36:13.059, 83, 795, 6001, 14.47, 0x0000000000000001
2026/10/02 09:36:13.180, 83, 795, 6001, 14.30, 0x0000000000000001
2026/10/02 09:36:13.298, 83, 795, 6001, 14.30, 0x0000000000000001
2026/10/02 09:36:13.425, 83, 930, 6001, 14.38, 0x0000000000000001
2026/10/02 09:36:13.566, 83, 930, 6001, 15.51, 0x0000000000000001
2026/10/02 09:36:13.687, 83, 930, 6001, 17.16, 0x0000000000000001
2026/10/02 09:36:13.814, 83, 930, 6001, 20.21, 0x0000000000000020
2026/10/02 09:36:13.918, 87, 2220, 7001, 22.36, 0x0000000000000020
2026/10/02 09:36:14.026, 87, 2220, 7001, 24.52, 0x0000000000000020
2026/10/02 09:36:14.132, 87, 2220, 7001, 27.57, 0x0000000000000020
2026/10/02 09:36:14.236, 87, 2220, 7001, 28.02, 0x0000000000000020
2026/10/02 09:36:14.341, 86, 1830, 8001, 29.76, 0x0000000000000020
2026/10/02 09:36:14.447, 86, 1830, 8001, 32.95, 0x0000000000000020
2026/10/02 09:36:14.552, 86, 1830, 8001, 32.92, 0x0000000000000020
2026/10/02 09:36:14.662, 86, 1830, 8001, 33.54, 0x0000000000000020
2026/10/02 09:36:14.767, 86, 1830, 8001, 33.77, 0x0000000000000020
2026/10/02 09:36:14.873, 86, 1860, 8001, 33.67, 0x0000000000000020
2026/10/02 09:36:14.994, 86, 1860, 8001, 33.16, 0x0000000000000020
2026/10/02 09:36:15.102, 86, 1860, 8001, 32.75, 0x0000000000000020
2026/10/02 09:36:15.211, 86, 1860, 8001, 32.56, 0x0000000000000020
2026/10/02 09:36:15.316, 86, 1860, 8001, 32.58, 0x0000000000000020
2026/10/02 09:36:15.422, 86, 1800, 8001, 32.64, 0x0000000000000020
2026/10/02 09:36:15.527, 86, 1800, 8001, 32.63, 0x0000000000000020
2026/10/02 09:36:15.631, 86, 1800, 8001, 32.65, 0x0000000000000020
2026/10/02 09:36:15.735, 86, 1800, 8001, 32.59, 0x0000000000000020
2026/10/02 09:36:15.839, 86, 1545, 8001, 32.33, 0x0000000000000020
2026/10/02 09:36:15.944, 86, 1545, 8001, 32.00, 0x0000000000000020
2026/10/02 09:36:16.049, 86, 1545, 8001, 31.30, 0x0000000000000020
2026/10/02 09:36:16.155, 86, 1545, 8001, 30.96, 0x0000000000000020
2026/10/02 09:36:16.261, 86, 1545, 8001, 30.61, 0x0000000000000020
2026/10/02 09:36:16.374, 86, 1545, 8001, 30.25, 0x0000000000000020
2026/10/02 09:36:16.477, 86, 1545, 8001, 29.85, 0x0000000000000020
2026/10/02 09:36:16.582, 86, 1545, 8001, 29.56, 0x0000000000000020
2026/10/02 09:36:16.687, 86, 1545, 8001, 29.19, 0x0000000000000020
2026/10/02 09:36:16.792, 86, 1545, 8001, 28.90, 0x0000000000000020
2026/10/02 09:36:16.896, 86, 1545, 8001, 28.85, 0x0000000000000020
2026/10/02 09:36:17.003, 86, 1545, 8001, 28.83, 0x0000000000000020
2026/10/02 09:36:17.109, 86, 1545, 8001, 28.79, 0x0000000000000020
2026/10/02 09:36:17.218, 86, 1545, 8001, 28.79, 0x0000000000000020
2026/10/02 09:36:17.337, 86, 1605, 8001, 28.45, 0x0000000000000020
2026/10/02 09:36:17.484, 86, 1605, 8001, 28.16, 0x0000000000000001
2026/10/02 09:36:17.674, 86, 1605, 8001, 28.56, 0x0000000000000001
2026/10/02 09:36:17.885, 86, 2220, 8001, 28.68, 0x0000000000000001
2026/10/02 09:36:18.186, 86, 2220, 8001, 28.86, 0x0000000000000001
2026/10/02 09:36:18.350, 86, 2190, 8001, 29.41, 0x0000000000000020
2026/10/02 09:36:18.459, 86, 2190, 8001, 30.72, 0x0000000000000020
2026/10/02 09:36:18.569, 86, 2190, 8001, 30.75, 0x0000000000000020
2026/10/02 09:36:18.676, 86, 2190, 8001, 30.70, 0x0000000000000020
2026/10/02 09:36:18.783, 86, 1545, 8001, 30.47, 0x0000000000000020
2026/10/02 09:36:18.891, 86, 1545, 8001, 30.03, 0x0000000000000020
2026/10/02 09:36:19.007, 86, 1545, 8001, 29.94, 0x0000000000000020
2026/10/02 09:36:19.126, 86, 1545, 8001, 29.85, 0x0000000000000020
2026/10/02 09:36:19.240, 86, 1545, 8001, 29.58, 0x0000000000000020
2026/10/02 09:36:19.348, 86, 1575, 8001, 29.30, 0x0000000000000020
2026/10/02 09:36:19.463, 86, 1575, 8001, 28.85, 0x0000000000000001
2026/10/02 09:36:19.616, 86, 1575, 8001, 27.77, 0x0000000000000020
2026/10/02 09:36:19.756, 86, 1845, 8001, 28.16, 0x0000000000000020
2026/10/02 09:36:19.872, 86, 1845, 8001, 28.81, 0x0000000000000020
2026/10/02 09:36:20.004, 86, 1845, 8001, 28.63, 0x0000000000000020
2026/10/02 09:36:20.132, 86, 1845, 8001, 28.15, 0x0000000000000001
2026/10/02 09:36:20.404, 86, 1935, 8001, 27.66, 0x0000000000000001
2026/10/02 09:36:20.617, 85, 1935, 8001, 27.00, 0x0000000000000001
2026/10/02 09:36:20.821, 85, 1935, 8001, 25.65, 0x0000000000000001
2026/10/02 09:36:21.012, 85, 1935, 8001, 25.16, 0x0000000000000001
2026/10/02 09:36:21.191, 85, 1935, 8001, 25.09, 0x0000000000000001
2026/10/02 09:36:21.338, 85, 1935, 8001, 26.22, 0x0000000000000001
2026/10/02 09:36:21.515, 85, 1935, 8001, 26.31, 0x0000000000000001
2026/10/02 09:36:21.702, 85, 1935, 8001, 26.41, 0x0000000000000001
2026/10/02 09:36:21.900, 85, 1935, 8001, 25.78, 0x0000000000000001
2026/10/02 09:36:22.086, 85, 1935, 8001, 24.33, 0x0000000000000001
2026/10/02 09:36:22.269, 85, 1230, 8001, 22.86, 0x0000000000000001
2026/10/02 09:36:22.458, 84, 1230, 8001, 20.29, 0x0000000000000001
2026/10/02 09:36:22.669, 84, 1230, 8001, 18.29, 0x0000000000000001
2026/10/02 09:36:22.813, 84, 1035, 6001, 17.24, 0x0000000000000001
2026/10/02 09:36:22.951, 84, 1035, 6001, 15.79, 0x0000000000000001
2026/10/02 09:36:23.098, 84, 1035, 6001, 15.48, 0x0000000000000001
2026/10/02 09:36:23.247, 84, 900, 6001, 15.41, 0x0000000000000001
2026/10/02 09:36:23.376, 84, 900, 6001, 15.29, 0x0000000000000001
2026/10/02 09:36:23.499, 84, 900, 6001, 15.21, 0x0000000000000001
2026/10/02 09:36:23.621, 84, 900, 6001, 15.18, 0x0000000000000001
2026/10/02 09:36:23.767, 84, 1080, 7001, 15.72, 0x0000000000000001
2026/10/02 09:36:23.891, 84, 1080, 7001, 15.70, 0x0000000000000001
2026/10/02 09:36:24.022, 84, 1080, 7001, 16.07, 0x0000000000000001
2026/10/02 09:36:24.163, 84, 1080, 7001, 16.09, 0x0000000000000001
2026/10/02 09:36:24.284, 84, 1065, 6001, 16.02, 0x0000000000000001
2026/10/02 09:36:24.980, 84, 1065, 6001, 15.99, 0x0000000000000001
2026/10/02 09:36:25.100, 84, 1065, 6001, 15.97, 0x0000000000000001
2026/10/02 09:36:25.233, 84, 1065, 6001, 15.93, 0x0000000000000001
2026/10/02 09:36:25.364, 84, 1200, 7001, 15.95, 0x0000000000000001
2026/10/02 09:36:25.485, 84, 1200, 7001, 16.05, 0x0000000000000001
2026/10/02 09:36:25.622, 84, 1200, 7001, 16.06, 0x0000000000000001
2026/10/02 09:36:25.766, 84, 1230, 7001, 16.23, 0x0000000000000001
2026/10/02 09:36:25.895, 84, 1230, 7001, 16.19, 0x0000000000000001
2026/10/02 09:36:26.034, 84, 1230, 7001, 16.18, 0x0000000000000001
2026/10/02 09:36:26.168, 84, 1230, 7001, 16.06, 0x0000000000000001
2026/10/02 09:36:26.355, 84, 1230, 7001, 15.82, 0x0000000000000001
2026/10/02 09:36:26.602, 83, 1230, 7001, 15.31, 0x0000000000000001
2026/10/02 09:36:26.818, 83, 1230, 8001, 15.44, 0x0000000000000001
2026/10/02 09:36:27.034, 83, 1230, 8001, 15.79, 0x0000000000000001
2026/10/02 09:36:27.207, 83, 1230, 8001, 16.11, 0x0000000000000001
2026/10/02 09:36:27.406, 83, 1230, 8001, 16.08, 0x0000000000000001
2026/10/02 09:36:27.541, 83, 1230, 8001, 15.93, 0x0000000000000001
2026/10/02 09:36:27.689, 83, 1230, 8001, 15.94, 0x0000000000000001
2026/10/02 09:36:27.808, 83, 525, 6001, 15.80, 0x0000000000000001
2026/10/02 09:36:27.926, 83, 525, 6001, 15.32, 0x0000000000000001
2026/10/02 09:36:28.057, 83, 525, 6001, 15.02, 0x0000000000000001
2026/10/02 09:36:28.175, 83, 525, 6001, 14.75, 0x0000000000000001
2026/10/02 09:36:28.293, 83, 585, 6001, 14.26, 0x0000000000000001
2026/10/02 09:36:28.438, 83, 585, 6001, 14.21, 0x0000000000000001
2026/10/02 09:36:28.597, 83, 585, 6001, 14.05, 0x0000000000000001
2026/10/02 09:36:28.737, 83, 630, 810, 13.55, 0x0000000000000001
2026/10/02 09:36:28.868, 83, 630, 810, 13.24, 0x0000000000000001
2026/10/02 09:36:28.991, 83, 630, 810, 12.74, 0x0000000000000001
2026/10/02 09:36:29.158, 83, 630, 810, 12.42, 0x0000000000000001
2026/10/02 09:36:29.283, 83, 840, 810, 12.34, 0x0000000000000001
2026/10/02 09:36:29.403, 83, 840, 810, 11.97, 0x0000000000000001
2026/10/02 09:36:29.535, 83, 840, 810, 12.48, 0x0000000000000001
2026/10/02 09:36:29.669, 83, 840, 810, 13.23, 0x0000000000000001
2026/10/02 09:36:29.787, 83, 1890, 6001, 14.73, 0x0000000000000001
2026/10/02 09:36:29.922, 84, 1890, 6001, 15.56, 0x0000000000000001
2026/10/02 09:36:30.047, 84, 1890, 6001, 16.50, 0x0000000000000001
2026/10/02 09:36:30.162, 84, 1890, 6001, 17.31, 0x0000000000000001
2026/10/02 09:36:30.279, 84, 1890, 7001, 19.09, 0x0000000000000001
2026/10/02 09:36:30.417, 85, 1890, 7001, 19.80, 0x0000000000000001
2026/10/02 09:36:30.548, 85, 1890, 7001, 20.84, 0x0000000000000001
2026/10/02 09:36:30.714, 85, 1890, 8001, 20.95, 0x0000000000000001
2026/10/02 09:36:30.878, 84, 1890, 8001, 21.44, 0x0000000000000001
2026/10/02 09:36:31.003, 84, 1890, 8001, 21.70, 0x0000000000000001
2026/10/02 09:36:31.141, 84, 1890, 8001, 21.82, 0x0000000000000001
2026/10/02 09:36:31.261, 84, 1890, 8001, 22.25, 0x0000000000000001
2026/10/02 09:36:31.384, 84, 1890, 8001, 22.46, 0x0000000000000001
2026/10/02 09:36:31.502, 84, 1890, 8001, 22.85, 0x0000000000000001
2026/10/02 09:36:31.627, 84, 1890, 8001, 23.11, 0x0000000000000001
2026/10/02 09:36:31.771, 85, 1890, 8001, 23.32, 0x0000000000000001
2026/10/02 09:36:31.897, 85, 1890, 8001, 23.47, 0x0000000000000001
2026/10/02 09:36:32.025, 85, 1890, 8001, 23.46, 0x0000000000000001
2026/10/02 09:36:32.145, 85, 1890, 8001, 23.48, 0x0000000000000001
2026/10/02 09:36:32.283, 85, 1890, 8001, 23.49, 0x0000000000000001
2026/10/02 09:36:32.419, 85, 1890, 8001, 23.47, 0x0000000000000001
2026/10/02 09:36:32.537, 85, 1890, 8001, 23.30, 0x0000000000000001
2026/10/02 09:36:32.666, 85, 1140, 8001, 22.83, 0x0000000000000001
2026/10/02 09:36:32.798, 84, 1140, 8001, 22.27, 0x0000000000000001
2026/10/02 09:36:32.917, 84, 1140, 8001, 21.88, 0x0000000000000001
2026/10/02 09:36:33.037, 84, 1140, 8001, 20.81, 0x0000000000000001
2026/10/02 09:36:33.158, 84, 1125, 7001, 20.11, 0x0000000000000001
2026/10/02 09:36:33.283, 84, 1125, 7001, 19.39, 0x0000000000000001
2026/10/02 09:36:33.425, 84, 1125, 7001, 17.12, 0x0000000000000001
2026/10/02 09:36:33.557, 84, 1125, 7001, 16.08, 0x0000000000000001
2026/10/02 09:36:33.693, 83, 1035, 810, 15.45, 0x0000000000000001
2026/10/02 09:36:33.840, 83, 1035, 810, 14.85, 0x0000000000000001
2026/10/02 09:36:33.957, 83, 1035, 810, 14.85, 0x0000000000000001
2026/10/02 09:36:34.074, 83, 1035, 810, 14.79, 0x0000000000000001
2026/10/02 09:36:34.204, 84, 1095, 8001, 14.93, 0x0000000000000001
2026/10/02 09:36:34.325, 84, 1095, 8001, 15.44, 0x0000000000000001
2026/10/02 09:36:34.449, 84, 1095, 8001, 15.65, 0x0000000000000001
2026/10/02 09:36:34.586, 84, 1095, 8001, 16.12, 0x0000000000000001
2026/10/02 09:36:34.720, 84, 1095, 8001, 17.19, 0x0000000000000001
2026/10/02 09:36:34.868, 84, 1095, 8001, 17.90, 0x0000000000000001
2026/10/02 09:36:34.995, 84, 1095, 8001, 17.81, 0x0000000000000001
2026/10/02 09:36:35.152, 84, 1095, 8001, 17.79, 0x0000000000000001
2026/10/02 09:36:35.314, 84, 1095, 8001, 17.64, 0x0000000000000001
2026/10/02 09:36:35.480, 84, 1095, 8001, 17.55, 0x0000000000000001
2026/10/02 09:36:35.626, 84, 810, 6001, 17.31, 0x0000000000000001
2026/10/02 09:36:35.764, 84, 810, 6001, 16.95, 0x0000000000000001
2026/10/02 09:36:35.891, 84, 810, 6001, 16.25, 0x0000000000000001
2026/10/02 09:36:36.025, 83, 810, 6001, 16.16, 0x0000000000000001
2026/10/02 09:36:36.149, 83, 780, 6001, 15.90, 0x0000000000000001
2026/10/02 09:36:36.267, 83, 780, 6001, 15.38, 0x0000000000000001
2026/10/02 09:36:36.394, 83, 780, 6001, 15.15, 0x0000000000000001
2026/10/02 09:36:36.527, 83, 780, 6001, 14.66, 0x0000000000000001
2026/10/02 09:36:36.645, 83, 840, 6001, 14.62, 0x0000000000000001
2026/10/02 09:36:36.764, 83, 840, 6001, 14.39, 0x0000000000000001
2026/10/02 09:36:36.889, 83, 840, 6001, 14.15, 0x0000000000000001
2026/10/02 09:36:37.020, 83, 840, 6001, 13.74, 0x0000000000000001
2026/10/02 09:36:37.145, 83, 855, 810, 13.26, 0x0000000000000001
2026/10/02 09:36:37.298, 83, 855, 810, 13.00, 0x0000000000000001
2026/10/02 09:36:37.427, 83, 855, 810, 13.18, 0x0000000000000001
2026/10/02 09:36:37.550, 83, 855, 810, 13.34, 0x0000000000000001
2026/10/02 09:36:37.674, 83, 1260, 7001, 13.44, 0x0000000000000001
2026/10/02 09:36:37.818, 83, 1260, 7001, 13.51, 0x0000000000000001
2026/10/02 09:36:37.940, 83, 1260, 7001, 14.30, 0x0000000000000001
2026/10/02 09:36:38.075, 83, 1260, 8001, 14.89, 0x0000000000000001
2026/10/02 09:36:38.197, 83, 1260, 8001, 15.40, 0x0000000000000001
2026/10/02 09:36:38.319, 83, 1260, 8001, 15.96, 0x0000000000000001
2026/10/02 09:36:38.446, 83, 1260, 8001, 16.91, 0x0000000000000001
2026/10/02 09:36:38.570, 83, 1260, 8001, 16.97, 0x0000000000000001
2026/10/02 09:36:38.696, 83, 1260, 8001, 17.17, 0x0000000000000001
2026/10/02 09:36:38.820, 83, 1260, 8001, 17.62, 0x0000000000000001
2026/10/02 09:36:38.958, 84, 1260, 8001, 17.81, 0x0000000000000001
2026/10/02 09:36:39.080, 84, 1260, 8001, 17.89, 0x0000000000000001
2026/10/02 09:36:39.205, 84, 1260, 8001, 17.56, 0x0000000000000001
2026/10/02 09:36:39.336, 83, 1260, 8001, 17.48, 0x0000000000000001
2026/10/02 09:36:39.459, 83, 1260, 8001, 17.37, 0x0000000000000001
2026/10/02 09:36:39.583, 83, 1890, 7001, 17.99, 0x0000000000000001
2026/10/02 09:36:39.708, 83, 1890, 7001, 20.01, 0x0000000000000001
2026/10/02 09:36:39.861, 84, 1890, 7001, 22.01, 0x0000000000000001
2026/10/02 09:36:40.050, 84, 2355, 7001, 22.84, 0x0000000000000001
2026/10/02 09:36:40.228, 84, 2355, 7001, 26.08, 0x0000000000000001
2026/10/02 09:36:40.460, 86, 2355, 7001, 28.53, 0x0000000000000001
2026/10/02 09:36:40.662, 86, 2355, 8001, 29.41, 0x0000000000000001
2026/10/02 09:36:40.890, 86, 2355, 8001, 29.89, 0x0000000000000001
2026/10/02 09:36:41.094, 86, 2355, 8001, 30.61, 0x0000000000000001
2026/10/02 09:36:41.326, 86, 2355, 8001, 31.54, 0x0000000000000001
2026/10/02 09:36:41.621, 86, 1890, 8001, 30.50, 0x0000000000000001
2026/10/02 09:36:41.796, 86, 1890, 8001, 29.38, 0x0000000000000001
2026/10/02 09:36:41.946, 86, 1890, 8001, 28.65, 0x0000000000000001
2026/10/02 09:36:42.110, 86, 1890, 8001, 28.43, 0x0000000000000001
2026/10/02 09:36:42.255, 86, 1890, 8001, 26.97, 0x0000000000000001
2026/10/02 09:36:42.396, 86, 1890, 8001, 26.09, 0x0000000000000001
2026/10/02 09:36:42.558, 86, 1890, 8001, 24.84, 0x0000000000000001
2026/10/02 09:36:42.760, 85, 1890, 8001, 24.23, 0x0000000000000001
2026/10/02 09:36:42.955, 85, 1890, 8001, 23.33, 0x0000000000000001
2026/10/02 09:36:43.129, 85, 1890, 8001, 22.14, 0x0000000000000001
2026/10/02 09:36:43.294, 85, 1890, 8001, 21.69, 0x0000000000000001
2026/10/02 09:36:43.469, 85, 900, 6001, 20.87, 0x0000000000000001
2026/10/02 09:36:43.605, 85, 900, 6001, 20.19, 0x0000000000000001
2026/10/02 09:36:43.753, 84, 900, 6001, 18.95, 0x0000000000000001
2026/10/02 09:36:43.880, 84, 900, 6001, 18.55, 0x0000000000000001
2026/10/02 09:36:44.001, 84, 810, 6001, 18.18, 0x0000000000000001
2026/10/02 09:36:44.121, 84, 810, 6001, 17.22, 0x0000000000000001
2026/10/02 09:36:44.262, 84, 810, 6001, 16.75, 0x0000000000000001
2026/10/02 09:36:44.394, 84, 810, 6001, 16.32, 0x0000000000000001
2026/10/02 09:36:44.513, 84, 1080, 7001, 16.07, 0x0000000000000001
2026/10/02 09:36:44.640, 84, 1080, 7001, 16.18, 0x0000000000000001
2026/10/02 09:36:44.845, 84, 1080, 7001, 16.18, 0x0000000000000001
2026/10/02 09:36:45.045, 83, 1080, 7001, 15.64, 0x0000000000000001
2026/10/02 09:36:45.258, 83, 1080, 7001, 15.62, 0x0000000000000001
2026/10/02 09:36:45.583, 83, 1080, 8001, 15.74, 0x0000000000000001
2026/10/02 09:36:45.745, 83, 1080, 8001, 15.90, 0x0000000000000001
2026/10/02 09:36:45.913, 83, 1080, 8001, 16.37, 0x0000000000000001
2026/10/02 09:36:46.076, 83, 1080, 8001, 16.83, 0x0000000000000001
2026/10/02 09:36:46.258, 83, 1080, 8001, 16.75, 0x0000000000000001
2026/10/02 09:36:46.426, 83, 420, 6001, 16.53, 0x0000000000000001
2026/10/02 09:36:46.559, 83, 420, 6001, 16.31, 0x0000000000000001
2026/10/02 09:36:46.704, 83, 420, 6001, 16.26, 0x0000000000000001
2026/10/02 09:36:46.834, 83, 420, 6001, 16.49, 0x0000000000000001
2026/10/02 09:36:46.964, 83, 1890, 7001, 17.88, 0x0000000000000001
2026/10/02 09:36:47.085, 83, 1890, 7001, 19.22, 0x0000000000000001
2026/10/02 09:36:47.221, 83, 1890, 7001, 22.79, 0x0000000000000001
2026/10/02 09:36:47.422, 84, 2445, 7001, 24.25, 0x0000000000000020
2026/10/02 09:36:47.549, 84, 2445, 7001, 27.35, 0x0000000000000020
2026/10/02 09:36:47.690, 84, 2445, 7001, 28.54, 0x0000000000000020
2026/10/02 09:36:47.829, 86, 2445, 7001, 30.60, 0x0000000000000020
2026/10/02 09:36:48.003, 86, 2265, 8001, 31.48, 0x0000000000000020
2026/10/02 09:36:48.140, 86, 2265, 8001, 31.32, 0x0000000000000020
2026/10/02 09:36:48.274, 86, 2265, 8001, 30.29, 0x0000000000000020
2026/10/02 09:36:48.409, 86, 2265, 8001, 30.01, 0x0000000000000020
2026/10/02 09:36:48.566, 86, 2265, 8001, 29.93, 0x0000000000000020
2026/10/02 09:36:48.696, 86, 2265, 8001, 29.59, 0x0000000000000020
2026/10/02 09:36:48.856, 86, 2265, 6001, 29.74, 0x0000000000000001
2026/10/02 09:36:49.038, 86, 915, 6001, 28.14, 0x0000000000000020
2026/10/02 09:36:49.152, 86, 915, 6001, 28.55, 0x0000000000000001
2026/10/02 09:36:49.284, 87, 915, 6001, 28.78, 0x0000000000000020
2026/10/02 09:36:49.398, 87, 915, 8001, 29.19, 0x0000000000000001
2026/10/02 09:36:49.570, 87, 2430, 8001, 29.11, 0x0000000000000001
2026/10/02 09:36:49.766, 86, 2430, 8001, 28.95, 0x0000000000000001
2026/10/02 09:36:49.962, 86, 2430, 8001, 29.21, 0x0000000000000001
2026/10/02 09:36:50.171, 86, 2430, 8001, 29.74, 0x0000000000000001
2026/10/02 09:36:50.386, 86, 2430, 8001, 29.04, 0x0000000000000001
2026/10/02 09:36:50.594, 86, 2430, 8001, 29.07, 0x0000000000000001
2026/10/02 09:36:50.787, 86, 2430, 8001, 29.23, 0x0000000000000001
2026/10/02 09:36:51.002, 86, 2430, 8001, 29.41, 0x0000000000000001
2026/10/02 09:36:51.289, 86, 2430, 8001, 27.64, 0x0000000000000001
2026/10/02 09:36:51.486, 86, 1890, 8001, 26.26, 0x0000000000000001
2026/10/02 09:36:51.640, 86, 1890, 8001, 25.56, 0x0000000000000001
2026/10/02 09:36:51.814, 85, 1890, 8001, 24.15, 0x0000000000000001
2026/10/02 09:36:51.962, 85, 1890, 8001, 22.80, 0x0000000000000001
2026/10/02 09:36:52.132, 85, 1890, 8001, 22.36, 0x0000000000000001
2026/10/02 09:36:52.267, 85, 1890, 8001, 22.41, 0x0000000000000001
2026/10/02 09:36:52.408, 85, 1170, 8001, 22.13, 0x0000000000000001
2026/10/02 09:36:52.578, 84, 1170, 8001, 21.57, 0x0000000000000001
2026/10/02 09:36:52.760, 84, 1170, 8001, 20.32, 0x0000000000000001
2026/10/02 09:36:52.897, 84, 1005, 6001, 19.69, 0x0000000000000001
2026/10/02 09:36:53.052, 84, 1005, 6001, 18.65, 0x0000000000000001
2026/10/02 09:36:53.183, 84, 1005, 6001, 18.03, 0x0000000000000001
2026/10/02 09:36:53.307, 84, 1005, 6001, 17.96, 0x0000000000000001
2026/10/02 09:36:53.424, 84, 1515, 8001, 18.85, 0x0000000000000020
2026/10/02 09:36:53.527, 85, 1515, 8001, 20.61, 0x0000000000000020
2026/10/02 09:36:53.632, 85, 1515, 8001, 22.12, 0x0000000000000020
2026/10/02 09:36:53.743, 85, 1515, 8001, 24.90, 0x0000000000000020
2026/10/02 09:36:53.868, 85, 2025, 8001, 27.08, 0x0000000000000020
2026/10/02 09:36:54.001, 86, 2025, 8001, 29.31, 0x0000000000000020
2026/10/02 09:36:54.163, 86, 2025, 8001, 29.19, 0x0000000000000020
2026/10/02 09:36:54.303, 86, 2025, 8001, 30.18, 0x0000000000000020
2026/10/02 09:36:54.451, 86, 2205, 8001, 30.14, 0x0000000000000020
2026/10/02 09:36:54.643, 86, 2205, 8001, 28.61, 0x0000000000000020
2026/10/02 09:36:54.752, 86, 2205, 8001, 28.06, 0x0000000000000020
2026/10/02 09:36:54.862, 86, 2055, 8001, 27.87, 0x0000000000000020
2026/10/02 09:36:54.974, 86, 2055, 8001, 27.91, 0x0000000000000020
2026/10/02 09:36:55.085, 86, 2055, 8001, 27.86, 0x0000000000000020
2026/10/02 09:36:55.199, 86, 2055, 8001, 27.71, 0x0000000000000020
2026/10/02 09:36:55.319, 86, 2265, 8001, 27.82, 0x0000000000000020
2026/10/02 09:36:55.441, 86, 2265, 8001, 27.79, 0x0000000000000020
2026/10/02 09:36:55.559, 86, 2265, 8001, 27.71, 0x0000000000000001
2026/10/02 09:36:55.726, 86, 2265, 8001, 25.85, 0x0000000000000001
2026/10/02 09:36:55.881, 84, 1050, 6001, 23.35, 0x0000000000000001
2026/10/02 09:36:56.039, 84, 1050, 6001, 22.21, 0x0000000000000001
2026/10/02 09:36:56.184, 84, 1050, 6001, 21.04, 0x0000000000000001
2026/10/02 09:36:56.308, 84, 930, 6001, 17.91, 0x0000000000000001
2026/10/02 09:36:56.444, 84, 930, 6001, 17.61, 0x0000000000000001
2026/10/02 09:36:56.574, 84, 930, 6001, 16.47, 0x0000000000000001
2026/10/02 09:36:56.697, 84, 930, 6001, 14.90, 0x0000000000000001
2026/10/02 09:36:56.843, 84, 855, 6001, 14.60, 0x0000000000000001
2026/10/02 09:36:56.960, 84, 855, 6001, 14.58, 0x0000000000000001
2026/10/02 09:36:57.102, 84, 855, 6001, 14.60, 0x0000000000000001
2026/10/02 09:36:57.829, 84, 855, 6001, 14.53, 0x0000000000000001
2026/10/02 09:36:57.946, 84, 825, 6001, 14.51, 0x0000000000000001
2026/10/02 09:36:58.066, 84, 825, 6001, 14.05, 0x0000000000000001
2026/10/02 09:36:58.214, 84, 825, 6001, 13.70, 0x0000000000000001
2026/10/02 09:36:58.357, 84, 825, 6001, 13.15, 0x0000000000000001
2026/10/02 09:36:58.502, 83, 765, 810, 12.74, 0x0000000000000001
2026/10/02 09:36:58.621, 83, 765, 810, 12.62, 0x0000000000000001
2026/10/02 09:36:58.742, 83, 765, 810, 11.88, 0x0000000000000001
2026/10/02 09:36:58.889, 83, 750, 810, 11.61, 0x0000000000000001
2026/10/02 09:36:59.008, 83, 750, 810, 11.59, 0x0000000000000001
2026/10/02 09:36:59.130, 83, 750, 810, 11.51, 0x0000000000000001
2026/10/02 09:36:59.273, 83, 750, 810, 11.53, 0x0000000000000001
2026/10/02 09:36:59.399, 83, 720, 810, 11.51, 0x0000000000000001
2026/10/02 09:36:59.517, 83, 720, 810, 11.52, 0x0000000000000001
2026/10/02 09:36:59.662, 83, 720, 810, 11.51, 0x0000000000000001
2026/10/02 09:36:59.801, 83, 720, 810, 11.47, 0x0000000000000001
2026/10/02 09:36:59.928, 83, 705, 810, 11.48, 0x0000000000000001
2026/10/02 09:37:00.055, 83, 705, 810, 11.46, 0x0000000000000001
2026/10/02 09:37:00.197, 83, 705, 810, 11.43, 0x0000000000000001
2026/10/02 09:37:00.358, 83, 675, 810, 11.42, 0x0000000000000001
2026/10/02 09:37:00.495, 83, 675, 810, 11.41, 0x0000000000000001
2026/10/02 09:37:00.615, 83, 675, 810, 11.38, 0x0000000000000001
2026/10/02 09:37:00.743, 83, 675, 810, 11.38, 0x0000000000000001
2026/10/02 09:37:00.880, 83, 645, 810, 11.38, 0x0000000000000001
2026/10/02 09:37:01.015, 83, 645, 810, 11.39, 0x0000000000000001
2026/10/02 09:37:01.160, 83, 645, 810, 11.35, 0x0000000000000001
2026/10/02 09:37:01.303, 83, 645, 810, 11.40, 0x0000000000000001
2026/10/02 09:37:01.443, 83, 675, 810, 11.38, 0x0000000000000001
2026/10/02 09:37:01.562, 83, 675, 810, 11.36, 0x0000000000000001
2026/10/02 09:37:01.698, 83, 675, 810, 11.36, 0x0000000000000001
2026/10/02 09:37:01.839, 83, 675, 810, 11.32, 0x0000000000000001
2026/10/02 09:37:01.959, 83, 675, 810, 11.30, 0x0000000000000001
2026/10/02 09:37:02.088, 83, 675, 810, 11.29, 0x0000000000000001
2026/10/02 09:37:02.211, 83, 675, 810, 11.29, 0x0000000000000001
2026/10/02 09:37:02.350, 83, 795, 810, 11.24, 0x0000000000000001
2026/10/02 09:37:02.489, 83, 795, 810, 11.22, 0x0000000000000001
2026/10/02 09:37:02.631, 83, 795, 810, 11.18, 0x0000000000000001
2026/10/02 09:37:02.759, 83, 795, 810, 11.15, 0x0000000000000001
2026/10/02 09:37:02.880, 83, 795, 810, 11.16, 0x0000000000000001
2026/10/02 09:37:03.000, 83, 795, 810, 11.17, 0x0000000000000001
2026/10/02 09:37:03.133, 83, 795, 810, 11.14, 0x0000000000000001
2026/10/02 09:37:03.280, 83, 795, 810, 11.15, 0x0000000000000001
2026/10/02 09:37:03.429, 83, 795, 810, 11.13, 0x0000000000000001
2026/10/02 09:37:03.548, 83, 795, 810, 11.09, 0x0000000000000001
2026/10/02 09:37:03.692, 83, 795, 810, 11.12, 0x0000000000000001
2026/10/02 09:37:03.832, 83, 795, 810, 11.11, 0x0000000000000001
2026/10/02 09:37:03.964, 83, 795, 810, 11.14, 0x0000000000000001
2026/10/02 09:37:04.114, 83, 795, 810, 11.11, 0x0000000000000001
2026/10/02 09:37:04.260, 83, 795, 810, 11.05, 0x0000000000000001
2026/10/02 09:37:04.386, 83, 930, 810, 11.07, 0x0000000000000001
2026/10/02 09:37:04.515, 83, 930, 810, 11.10, 0x0000000000000001
2026/10/02 09:37:04.653, 83, 930, 810, 11.10, 0x0000000000000001
2026/10/02 09:37:04.772, 83, 930, 810, 11.11, 0x0000000000000001
2026/10/02 09:37:04.899, 83, 930, 810, 11.08, 0x0000000000000001
2026/10/02 09:37:05.026, 83, 930, 810, 11.23, 0x0000000000000001
2026/10/02 09:37:05.155, 83, 930, 810, 11.74, 0x0000000000000001
2026/10/02 09:37:05.289, 83, 1260, 6001, 12.03, 0x0000000000000001
2026/10/02 09:37:05.406, 83, 1260, 6001, 12.41, 0x0000000000000001
2026/10/02 09:37:05.526, 83, 1260, 6001, 12.87, 0x0000000000000001
2026/10/02 09:37:05.653, 83, 1260, 6001, 13.16, 0x0000000000000001
2026/10/02 09:37:05.778, 83, 1260, 7001, 13.55, 0x0000000000000001
2026/10/02 09:37:05.915, 83, 1260, 7001, 14.47, 0x0000000000000001
2026/10/02 09:37:06.044, 84, 1260, 7001, 14.68, 0x0000000000000001
2026/10/02 09:37:06.173, 84, 1260, 7001, 14.77, 0x0000000000000001
2026/10/02 09:37:06.308, 84, 1260, 8001, 14.96, 0x0000000000000001
2026/10/02 09:37:06.434, 83, 1260, 8001, 15.60, 0x0000000000000001
2026/10/02 09:37:06.558, 83, 1260, 8001, 15.93, 0x0000000000000001
2026/10/02 09:37:06.703, 83, 1260, 8001, 16.41, 0x0000000000000001
2026/10/02 09:37:06.831, 83, 1260, 8001, 16.30, 0x0000000000000001
2026/10/02 09:37:06.963, 83, 1260, 8001, 15.78, 0x0000000000000001
2026/10/02 09:37:07.082, 83, 1260, 8001, 15.47, 0x0000000000000001
2026/10/02 09:37:07.200, 83, 1260, 8001, 14.71, 0x0000000000000001
2026/10/02 09:37:07.318, 83, 840, 810, 14.08, 0x0000000000000001
2026/10/02 09:37:07.457, 83, 840, 810, 13.47, 0x0000000000000001
2026/10/02 09:37:07.587, 83, 840, 810, 12.86, 0x0000000000000001
2026/10/02 09:37:07.710, 83, 840, 810, 11.76, 0x0000000000000001
2026/10/02 09:37:07.849, 83, 795, 810, 11.42, 0x0000000000000001
2026/10/02 09:37:07.984, 83, 795, 810, 11.44, 0x0000000000000001
2026/10/02 09:37:08.103, 83, 795, 810, 11.48, 0x0000000000000001
2026/10/02 09:37:08.243, 83, 930, 810, 11.42, 0x0000000000000001
2026/10/02 09:37:08.389, 83, 930, 810, 11.44, 0x0000000000000001
2026/10/02 09:37:08.544, 83, 930, 810, 11.46, 0x0000000000000001
2026/10/02 09:37:08.670, 83, 930, 810, 11.40, 0x0000000000000001
2026/10/02 09:37:08.797, 83, 930, 810, 11.42, 0x0000000000000001
2026/10/02 09:37:08.929, 83, 930, 810, 11.47, 0x0000000000000001
2026/10/02 09:37:09.047, 83, 930, 810, 11.46, 0x0000000000000001
2026/10/02 09:37:09.167, 83, 930, 810, 11.48, 0x0000000000000001
2026/10/02 09:37:09.286, 83, 930, 810, 11.48, 0x0000000000000001
2026/10/02 09:37:09.416, 83, 930, 810, 11.44, 0x0000000000000001
2026/10/02 09:37:09.562, 83, 930, 810, 11.39, 0x0000000000000001
2026/10/02 09:37:09.688, 83, 930, 810, 11.38, 0x0000000000000001
2026/10/02 09:37:09.817, 83, 930, 810, 11.35, 0x0000000000000001
2026/10/02 09:37:09.957, 83, 930, 810, 11.30, 0x0000000000000001
2026/10/02 09:37:10.085, 83, 930, 810, 11.25, 0x0000000000000001
2026/10/02 09:37:10.207, 83, 750, 810, 11.21, 0x0000000000000001
2026/10/02 09:37:10.335, 83, 750, 810, 11.21, 0x0000000000000001
2026/10/02 09:37:10.462, 83, 750, 810, 11.25, 0x0000000000000001
2026/10/02 09:37:10.620, 83, 750, 810, 11.24, 0x0000000000000001
2026/10/02 09:37:10.754, 83, 825, 810, 11.27, 0x0000000000000001
2026/10/02 09:37:10.910, 83, 825, 810, 11.28, 0x0000000000000001
2026/10/02 09:37:11.034, 83, 825, 810, 11.28, 0x0000000000000001
2026/10/02 09:37:11.171, 83, 810, 810, 11.24, 0x0000000000000001
2026/10/02 09:37:11.298, 83, 810, 810, 11.21, 0x0000000000000001
2026/10/02 09:37:11.417, 83, 810, 810, 11.16, 0x0000000000000001
2026/10/02 09:37:11.545, 83, 810, 810, 11.14, 0x0000000000000001
2026/10/02 09:37:11.676, 83, 780, 810, 11.08, 0x0000000000000001
2026/10/02 09:37:11.796, 83, 780, 810, 11.06, 0x0000000000000001
2026/10/02 09:37:11.931, 83, 780, 810, 11.09, 0x0000000000000001
2026/10/02 09:37:12.067, 83, 780, 810, 11.06, 0x0000000000000001
2026/10/02 09:37:12.186, 83, 750, 810, 11.08, 0x0000000000000001
2026/10/02 09:37:12.305, 83, 750, 810, 11.18, 0x0000000000000001
2026/10/02 09:37:12.425, 83, 750, 810, 11.19, 0x0000000000000001
2026/10/02 09:37:12.560, 83, 750, 810, 11.16, 0x0000000000000001
2026/10/02 09:37:12.701, 83, 720, 810, 11.20, 0x0000000000000001
2026/10/02 09:37:12.821, 83, 720, 810, 11.22, 0x0000000000000001
2026/10/02 09:37:12.976, 83, 720, 810, 11.20, 0x0000000000000001
2026/10/02 09:37:13.111, 83, 720, 810, 11.21, 0x0000000000000001
2026/10/02 09:37:13.239, 83, 750, 810, 11.20, 0x0000000000000001
2026/10/02 09:37:13.378, 83, 750, 810, 11.24, 0x0000000000000001
2026/10/02 09:37:13.562, 83, 750, 810, 11.27, 0x0000000000000001
2026/10/02 09:37:13.736, 83, 930, 810, 11.26, 0x0000000000000001
2026/10/02 09:37:13.871, 83, 930, 810, 11.24, 0x0000000000000001
2026/10/02 09:37:13.991, 83, 930, 810, 11.23, 0x0000000000000001
2026/10/02 09:37:14.124, 83, 930, 810, 11.16, 0x0000000000000001
2026/10/02 09:37:14.262, 83, 930, 810, 11.21, 0x0000000000000001
2026/10/02 09:37:14.409, 83, 930, 810, 11.14, 0x0000000000000001
2026/10/02 09:37:14.536, 83, 930, 810, 11.14, 0x0000000000000001
2026/10/02 09:37:14.661, 83, 1890, 6001, 11.65, 0x0000000000000001
2026/10/02 09:37:14.785, 83, 1890, 6001, 12.41, 0x0000000000000001
2026/10/02 09:37:14.911, 83, 1890, 6001, 13.42, 0x0000000000000001
2026/10/02 09:37:15.029, 83, 1890, 6001, 14.25, 0x0000000000000001
2026/10/02 09:37:15.147, 83, 1890, 6001, 15.65, 0x0000000000000001
2026/10/02 09:37:15.279, 83, 1890, 6001, 16.38, 0x0000000000000001
2026/10/02 09:37:15.416, 84, 1890, 6001, 17.26, 0x0000000000000001
2026/10/02 09:37:15.556, 84, 1890, 6001, 19.11, 0x0000000000000001
2026/10/02 09:37:15.680, 84, 1890, 7001, 19.89, 0x0000000000000001
2026/10/02 09:37:15.799, 84, 1890, 7001, 20.22, 0x0000000000000001
2026/10/02 09:37:15.925, 84, 1890, 7001, 21.06, 0x0000000000000001
2026/10/02 09:37:16.067, 84, 1890, 7001, 21.22, 0x0000000000000001
2026/10/02 09:37:16.184, 84, 1890, 8001, 21.55, 0x0000000000000001
2026/10/02 09:37:16.301, 85, 1890, 8001, 22.04, 0x0000000000000001
2026/10/02 09:37:16.430, 85, 1890, 8001, 22.40, 0x0000000000000001
2026/10/02 09:37:16.557, 85, 1890, 8001, 22.61, 0x0000000000000001
2026/10/02 09:37:16.673, 85, 1890, 8001, 22.92, 0x0000000000000001
2026/10/02 09:37:16.789, 85, 1890, 8001, 23.56, 0x0000000000000001
2026/10/02 09:37:16.928, 85, 1890, 8001, 23.72, 0x0000000000000001
2026/10/02 09:37:17.063, 85, 1890, 8001, 23.77, 0x0000000000000001
2026/10/02 09:37:17.180, 85, 1890, 8001, 23.77, 0x0000000000000001
2026/10/02 09:37:17.298, 85, 1890, 8001, 23.88, 0x0000000000000001
2026/10/02 09:37:17.430, 85, 1890, 8001, 23.64, 0x0000000000000001
2026/10/02 09:37:17.564, 85, 1890, 8001, 23.14, 0x0000000000000001
2026/10/02 09:37:17.681, 85, 1230, 8001, 22.64, 0x0000000000000001
2026/10/02 09:37:17.797, 84, 1230, 8001, 21.53, 0x0000000000000001
2026/10/02 09:37:17.927, 84, 1230, 8001, 20.98, 0x0000000000000001
2026/10/02 09:37:18.045, 84, 1230, 8001, 20.43, 0x0000000000000001
2026/10/02 09:37:18.164, 84, 1155, 8001, 19.88, 0x0000000000000001
2026/10/02 09:37:18.282, 84, 1155, 8001, 18.77, 0x0000000000000001
2026/10/02 09:37:18.411, 84, 1155, 8001, 17.58, 0x0000000000000001
2026/10/02 09:37:18.559, 84, 1020, 6001, 16.91, 0x0000000000000001
2026/10/02 09:37:18.697, 83, 1020, 6001, 16.33, 0x0000000000000001
2026/10/02 09:37:18.815, 83, 1020, 6001, 15.98, 0x0000000000000001
2026/10/02 09:37:18.933, 83, 1020, 6001, 15.37, 0x0000000000000001
2026/10/02 09:37:19.068, 83, 960, 6001, 14.85, 0x0000000000000001
2026/10/02 09:37:19.197, 83, 960, 6001, 14.46, 0x0000000000000001
2026/10/02 09:37:19.323, 83, 960, 6001, 13.73, 0x0000000000000001
2026/10/02 09:37:19.442, 83, 960, 6001, 13.75, 0x0000000000000001
2026/10/02 09:37:19.562, 83, 870, 6001, 14.04, 0x0000000000000001
2026/10/02 09:37:19.690, 83, 870, 6001, 14.59, 0x0000000000000001
2026/10/02 09:37:19.811, 83, 870, 6001, 15.13, 0x0000000000000001
2026/10/02 09:37:19.949, 83, 870, 6001, 15.67, 0x0000000000000001
2026/10/02 09:37:20.069, 83, 1890, 7001, 17.24, 0x0000000000000001
2026/10/02 09:37:20.203, 84, 1890, 7001, 17.62, 0x0000000000000001
2026/10/02 09:37:20.340, 84, 1890, 7001, 18.39, 0x0000000000000001
2026/10/02 09:37:20.460, 84, 1890, 7001, 19.97, 0x0000000000000001
2026/10/02 09:37:20.580, 84, 1890, 8001, 20.77, 0x0000000000000001
2026/10/02 09:37:20.698, 84, 1890, 8001, 21.66, 0x0000000000000001
2026/10/02 09:37:20.814, 84, 1890, 8001, 21.79, 0x0000000000000001
2026/10/02 09:37:20.932, 84, 1890, 8001, 22.44, 0x0000000000000001
2026/10/02 09:37:21.069, 84, 1890, 8001, 22.41, 0x0000000000000001
2026/10/02 09:37:21.189, 84, 1890, 8001, 22.61, 0x0000000000000001
2026/10/02 09:37:21.305, 84, 1890, 8001, 22.71, 0x0000000000000001
2026/10/02 09:37:21.421, 84, 1890, 8001, 22.97, 0x0000000000000001
2026/10/02 09:37:21.547, 85, 1890, 8001, 23.08, 0x0000000000000001
2026/10/02 09:37:21.675, 85, 1890, 8001, 23.13, 0x0000000000000001
2026/10/02 09:37:21.793, 85, 1890, 8001, 22.95, 0x0000000000000001
