2026/10/02 08:26:39.909, 79, 210, 405, 7.27, 0x0000000000000001
2026/10/02 08:26:40.033, 79, 210, 405, 7.27, 0x0000000000000001
2026/10/02 08:26:40.161, 79, 210, 405, 7.27, 0x0000000000000001
2026/10/02 08:26:40.283, 79, 210, 405, 7.26, 0x0000000000000001
2026/10/02 08:26:40.406, 79, 210, 405, 7.27, 0x0000000000000001
2026/10/02 08:26:40.520, 79, 210, 405, 8.19, 0x0000000000000001
2026/10/02 08:26:40.635, 79, 210, 405, 9.39, 0x0000000000000001
2026/10/02 08:26:40.753, 79, 210, 405, 11.73, 0x0000000000000001
2026/10/02 08:26:40.869, 80, 1890, 8001, 12.91, 0x0000000000000001
2026/10/02 08:26:40.991, 80, 1890, 8001, 14.10, 0x0000000000000001
2026/10/02 08:26:41.109, 80, 1890, 8001, 15.30, 0x0000000000000001
2026/10/02 08:26:41.227, 80, 1890, 8001, 16.54, 0x0000000000000001
2026/10/02 08:26:41.348, 80, 1890, 8001, 18.88, 0x0000000000000001
2026/10/02 08:26:41.465, 80, 1890, 8001, 20.11, 0x0000000000000001
2026/10/02 08:26:41.585, 80, 1890, 8001, 20.35, 0x0000000000000001
2026/10/02 08:26:41.704, 80, 1890, 8001, 20.36, 0x0000000000000001
2026/10/02 08:26:41.822, 81, 1890, 8001, 20.38, 0x0000000000000001
2026/10/02 08:26:41.943, 81, 1890, 8001, 20.39, 0x0000000000000001
2026/10/02 08:26:42.060, 81, 1890, 8001, 20.39, 0x0000000000000001
2026/10/02 08:26:42.181, 81, 1890, 8001, 20.39, 0x0000000000000001
2026/10/02 08:26:42.299, 81, 1890, 8001, 20.41, 0x0000000000000001
2026/10/02 08:26:42.417, 81, 1890, 8001, 20.41, 0x0000000000000001
2026/10/02 08:26:42.538, 81, 1890, 8001, 20.41, 0x0000000000000001
2026/10/02 08:26:42.654, 81, 1890, 8001, 20.40, 0x0000000000000001
2026/10/02 08:26:42.775, 81, 1890, 8001, 20.40, 0x0000000000000001
2026/10/02 08:26:42.894, 81, 1890, 8001, 20.40, 0x0000000000000001
2026/10/02 08:26:43.012, 81, 1890, 8001, 20.40, 0x0000000000000001
2026/10/02 08:26:43.133, 81, 1890, 8001, 20.39, 0x0000000000000001
2026/10/02 08:26:43.249, 81, 1890, 8001, 20.39, 0x0000000000000001
2026/10/02 08:26:43.370, 81, 1890, 8001, 20.38, 0x0000000000000001
2026/10/02 08:26:43.488, 81, 1890, 8001, 20.39, 0x0000000000000001
2026/10/02 08:26:43.606, 81, 1890, 8001, 20.39, 0x0000000000000001
2026/10/02 08:26:43.728, 81, 1890, 8001, 20.40, 0x0000000000000001
2026/10/02 08:26:43.846, 81, 1890, 8001, 20.39, 0x0000000000000001
2026/10/02 08:26:43.963, 81, 1890, 8001, 20.40, 0x0000000000000001
2026/10/02 08:26:44.083, 81, 1890, 8001, 20.40, 0x0000000000000001
2026/10/02 08:26:44.201, 81, 1890, 8001, 20.41, 0x0000000000000001
2026/10/02 08:26:44.320, 81, 1890, 8001, 20.41, 0x0000000000000001
2026/10/02 08:26:44.440, 81, 1890, 8001, 20.42, 0x0000000000000001
2026/10/02 08:26:44.558, 81, 1890, 8001, 20.43, 0x0000000000000001
2026/10/02 08:26:44.679, 81, 1890, 8001, 20.46, 0x0000000000000001
2026/10/02 08:26:44.795, 81, 1890, 8001, 20.45, 0x0000000000000001
