2026/10/02 08:26:55.090, 79, 210, 405, 7.24, 0x0000000000000001
2026/10/02 08:26:55.216, 79, 210, 405, 7.24, 0x0000000000000001
2026/10/02 08:26:55.349, 79, 210, 405, 7.23, 0x0000000000000001
2026/10/02 08:26:55.490, 79, 210, 405, 7.24, 0x0000000000000001
2026/10/02 08:26:55.631, 79, 210, 405, 7.25, 0x0000000000000001
2026/10/02 08:26:55.764, 79, 210, 405, 7.80, 0x0000000000000001
2026/10/02 08:26:55.883, 79, 210, 405, 10.16, 0x0000000000000001
2026/10/02 08:26:56.005, 79, 1890, 8001, 11.36, 0x0000000000000001
2026/10/02 08:26:56.126, 80, 1890, 8001, 12.54, 0x0000000000000001
2026/10/02 08:26:56.247, 80, 1890, 8001, 13.74, 0x0000000000000001
2026/10/02 08:26:56.367, 80, 1890, 8001, 14.92, 0x0000000000000001
2026/10/02 08:26:56.491, 80, 1890, 8001, 17.33, 0x0000000000000001
2026/10/02 08:26:56.610, 80, 1890, 8001, 18.52, 0x0000000000000001
2026/10/02 08:26:56.731, 80, 1890, 8001, 19.72, 0x0000000000000001
2026/10/02 08:26:56.853, 80, 1890, 8001, 20.37, 0x0000000000000001
2026/10/02 08:26:56.972, 80, 1890, 8001, 20.36, 0x0000000000000001
2026/10/02 08:26:57.097, 81, 1890, 8001, 20.38, 0x0000000000000001
2026/10/02 08:26:57.214, 81, 1890, 8001, 20.37, 0x0000000000000001
2026/10/02 08:26:57.335, 81, 1890, 8001, 20.38, 0x0000000000000001
2026/10/02 08:26:57.456, 81, 1890, 8001, 20.39, 0x0000000000000001
2026/10/02 08:26:57.575, 81, 1890, 8001, 20.39, 0x0000000000000001
2026/10/02 08:26:57.700, 81, 1890, 8001, 20.36, 0x0000000000000001
2026/10/02 08:26:57.818, 81, 1890, 8001, 20.36, 0x0000000000000001
2026/10/02 08:26:57.939, 81, 1890, 8001, 20.35, 0x0000000000000001
2026/10/02 08:26:58.060, 81, 1890, 8001, 20.35, 0x0000000000000001
2026/10/02 08:26:58.180, 81, 1890, 8001, 20.35, 0x0000000000000001
2026/10/02 08:26:58.301, 81, 1890, 8001, 20.35, 0x0000000000000001
2026/10/02 08:26:58.419, 81, 1890, 8001, 20.34, 0x0000000000000001
2026/10/02 08:26:58.542, 81, 1890, 8001, 20.34, 0x0000000000000001
2026/10/02 08:26:58.663, 81, 1890, 8001, 20.36, 0x0000000000000001
2026/10/02 08:26:58.781, 81, 1890, 8001, 20.35, 0x0000000000000001
2026/10/02 08:26:58.905, 81, 1890, 8001, 20.37, 0x0000000000000001
2026/10/02 08:26:59.022, 81, 1890, 8001, 20.38, 0x0000000000000001
2026/10/02 08:26:59.143, 81, 1890, 8001, 20.39, 0x0000000000000001
2026/10/02 08:26:59.264, 81, 1890, 8001, 20.40, 0x0000000000000001
2026/10/02 08:26:59.383, 81, 1890, 8001, 20.42, 0x0000000000000001
2026/10/02 08:26:59.507, 81, 1890, 8001, 20.43, 0x0000000000000001
2026/10/02 08:26:59.624, 81, 1890, 8001, 20.44, 0x0000000000000001
2026/10/02 08:26:59.746, 81, 1890, 8001, 20.43, 0x0000000000000001
2026/10/02 08:26:59.865, 81, 1890, 8001, 20.45, 0x0000000000000001
2026/10/02 08:26:59.984, 81, 1890, 8001, 20.45, 0x0000000000000001
2026/10/02 08:27:00.108, 81, 1890, 8001, 20.46, 0x0000000000000001
2026/10/02 08:27:00.225, 81, 1890, 8001, 20.45, 0x0000000000000001
2026/10/02 08:27:00.345, 81, 1890, 8001, 20.45, 0x0000000000000001
2026/10/02 08:27:00.467, 81, 1890, 8001, 20.46, 0x0000000000000001
2026/10/02 08:27:00.585, 81, 1890, 8001, 20.48, 0x0000000000000001
2026/10/02 08:27:00.709, 81, 1890, 8001, 20.49, 0x0000000000000001
2026/10/02 08:27:00.826, 81, 1890, 8001, 20.48, 0x0000000000000001
2026/10/02 08:27:00.946, 81, 1890, 8001, 20.48, 0x0000000000000001
2026/10/02 08:27:01.066, 81, 1890, 8001, 20.51, 0x0000000000000001
2026/10/02 08:27:01.185, 81, 1890, 8001, 20.50, 0x0000000000000001
2026/10/02 08:27:01.308, 81, 1890, 8001, 20.51, 0x0000000000000001
2026/10/02 08:27:01.426, 81, 1890, 8001, 20.50, 0x0000000000000001
2026/10/02 08:27:01.544, 81, 1890, 8001, 20.50, 0x0000000000000001
2026/10/02 08:27:01.667, 81, 1890, 8001, 20.50, 0x0000000000000001
2026/10/02 08:27:01.784, 81, 1890, 8001, 20.50, 0x0000000000000001
2026/10/02 08:27:01.908, 81, 1890, 8001, 20.51, 0x0000000000000001
2026/10/02 08:27:02.030, 81, 435, 810, 19.63, 0x0000000000000001
2026/10/02 08:27:02.148, 81, 435, 810, 18.86, 0x0000000000000001
2026/10/02 08:27:02.268, 81, 435, 810, 18.16, 0x0000000000000001
2026/10/02 08:27:02.388, 81, 435, 810, 17.44, 0x0000000000000001
2026/10/02 08:27:02.510, 81, 345, 6001, 16.04, 0x0000000000000001
2026/10/02 08:27:02.629, 81, 345, 6001, 15.34, 0x0000000000000001
2026/10/02 08:27:02.747, 81, 345, 6001, 14.60, 0x0000000000000001
2026/10/02 08:27:02.866, 80, 345, 6001, 13.88, 0x0000000000000001
2026/10/02 08:27:02.991, 80, 300, 6001, 12.40, 0x0000000000000001
2026/10/02 08:27:03.120, 80, 300, 6001, 12.54, 0x0000000000000001
2026/10/02 08:27:03.237, 80, 300, 6001, 12.52, 0x0000000000000001
2026/10/02 08:27:03.355, 80, 300, 6001, 12.31, 0x0000000000000001
2026/10/02 08:27:03.474, 80, 240, 810, 12.05, 0x0000000000000001
2026/10/02 08:27:03.599, 80, 240, 810, 11.53, 0x0000000000000001
2026/10/02 08:27:03.730, 80, 240, 810, 11.15, 0x0000000000000001
2026/10/02 08:27:03.850, 80, 240, 810, 11.04, 0x0000000000000001
2026/10/02 08:27:03.968, 80, 210, 810, 10.78, 0x0000000000000001
2026/10/02 08:27:04.093, 80, 210, 810, 10.27, 0x0000000000000001
2026/10/02 08:27:04.213, 80, 210, 810, 9.85, 0x0000000000000001
2026/10/02 08:27:04.332, 80, 210, 810, 9.85, 0x0000000000000001
2026/10/02 08:27:04.455, 80, 210, 810, 9.81, 0x0000000000000001
2026/10/02 08:27:04.577, 80, 210, 810, 9.81, 0x0000000000000001
2026/10/02 08:27:04.696, 80, 210, 810, 9.82, 0x0000000000000001
2026/10/02 08:27:04.815, 80, 210, 810, 9.80, 0x0000000000000001
2026/10/02 08:27:04.944, 80, 210, 810, 9.80, 0x0000000000000001
2026/10/02 08:27:05.070, 80, 210, 810, 9.80, 0x0000000000000001
2026/10/02 08:27:05.189, 80, 210, 810, 9.80, 0x0000000000000001
2026/10/02 08:27:05.309, 80, 210, 810, 9.80, 0x0000000000000001
2026/10/02 08:27:05.429, 80, 210, 810, 9.80, 0x0000000000000001
2026/10/02 08:27:05.548, 80, 210, 810, 9.80, 0x0000000000000001
2026/10/02 08:27:05.669, 80, 210, 810, 9.81, 0x0000000000000001
2026/10/02 08:27:05.789, 80, 210, 810, 9.81, 0x0000000000000001
2026/10/02 08:27:05.918, 80, 210, 810, 9.81, 0x0000000000000001
2026/10/02 08:27:06.047, 80, 210, 810, 9.80, 0x0000000000000001
2026/10/02 08:27:06.167, 80, 210, 810, 9.80, 0x0000000000000001
2026/10/02 08:27:06.286, 80, 210, 810, 9.79, 0x0000000000000001
2026/10/02 08:27:06.415, 80, 210, 810, 9.79, 0x0000000000000001
2026/10/02 08:27:06.545, 80, 210, 810, 9.79, 0x0000000000000001
2026/10/02 08:27:06.667, 80, 210, 810, 9.80, 0x0000000000000001
2026/10/02 08:27:06.796, 80, 210, 810, 9.96, 0x0000000000000001
2026/10/02 08:27:06.938, 80, 315, 405, 9.74, 0x0000000000000001
2026/10/02 08:27:07.061, 80, 315, 405, 9.51, 0x0000000000000001
2026/10/02 08:27:07.185, 80, 315, 405, 9.07, 0x0000000000000001
2026/10/02 08:27:07.321, 80, 315, 405, 8.86, 0x0000000000000001
