seq,process,variant,component,median_ms,iqr_ms,min_ms,max_ms
1024,0,A1,context,0.32256001234054565,0.005119994282722473,0.32153600454330444,0.3317759931087494
1024,0,A1,pipeline,0.3829759955406189,0.020991995930671692,0.37990400195121765,0.42188799381256104
1024,0,A1,score,0.04198399931192398,0.000512000173330307,0.04198399931192398,0.043007999658584595
1024,0,A1,softmax,0.021503999829292297,0.000512000173330307,0.020479999482631683,0.021503999829292297
1024,0,B1,context,0.2181120067834854,0.0,0.2181120067834854,0.2181120067834854
1024,0,B1,pipeline,0.4567039906978607,0.001024007797241211,0.4567039906978607,0.45875200629234314
1024,0,B1,score,0.2242559939622879,0.0005119964480400085,0.22323200106620789,0.2242559939622879
1024,0,B1,softmax,0.020479999482631683,0.0,0.020479999482631683,0.020479999482631683
1024,0,C1,context,0.2181120067834854,0.0005119964480400085,0.2181120067834854,0.21913599967956543
1024,0,C1,pipeline,0.28672000765800476,0.0005119889974594116,0.28672000765800476,0.2877439856529236
1024,0,C1,projection,0.020479999482631683,0.0025599999353289604,0.01740800030529499,0.02252800017595291
1024,0,C1,score,0.03993599861860275,0.0,0.03993599861860275,0.03993599861860275
1024,0,C1,softmax,0.021503999829292297,0.000512000173330307,0.020479999482631683,0.021503999829292297
