2026/10/02 08:24:25.190, 79, 210, 405, 7.31, 0x0000000000000001
2026/10/02 08:24:25.313, 79, 210, 405, 7.29, 0x0000000000000001
2026/10/02 08:24:25.438, 79, 210, 405, 7.29, 0x0000000000000001
2026/10/02 08:24:25.567, 79, 210, 405, 7.28, 0x0000000000000001
2026/10/02 08:24:25.702, 79, 210, 405, 7.27, 0x0000000000000001
2026/10/02 08:24:25.849, 79, 210, 405, 7.27, 0x0000000000000001
2026/10/02 08:24:25.989, 79, 210, 405, 7.32, 0x0000000000000001
2026/10/02 08:24:26.105, 79, 210, 405, 8.37, 0x0000000000000001
2026/10/02 08:24:26.223, 79, 210, 405, 10.73, 0x0000000000000001
2026/10/02 08:24:26.341, 79, 210, 405, 11.93, 0x0000000000000001
2026/10/02 08:24:26.462, 79, 1890, 8001, 13.14, 0x0000000000000001
2026/10/02 08:24:26.581, 79, 1890, 8001, 14.34, 0x0000000000000001
2026/10/02 08:24:26.700, 81, 1890, 8001, 15.53, 0x0000000000000001
2026/10/02 08:24:26.819, 81, 1890, 8001, 18.04, 0x0000000000000001
2026/10/02 08:24:26.939, 81, 1890, 8001, 19.25, 0x0000000000000001
2026/10/02 08:24:27.058, 81, 1890, 8001, 20.48, 0x0000000000000001
2026/10/02 08:24:27.178, 81, 1890, 8001, 20.47, 0x0000000000000001
2026/10/02 08:24:27.295, 81, 1890, 8001, 20.50, 0x0000000000000001
2026/10/02 08:24:27.417, 81, 1890, 8001, 20.53, 0x0000000000000001
2026/10/02 08:24:27.534, 81, 1890, 8001, 20.51, 0x0000000000000001
2026/10/02 08:24:27.654, 81, 1890, 8001, 20.51, 0x0000000000000001
2026/10/02 08:24:27.774, 81, 1890, 8001, 20.52, 0x0000000000000001
2026/10/02 08:24:27.892, 81, 1890, 8001, 20.51, 0x0000000000000001
2026/10/02 08:24:28.012, 81, 1890, 8001, 20.52, 0x0000000000000001
2026/10/02 08:24:28.130, 81, 1890, 8001, 20.50, 0x0000000000000001
2026/10/02 08:24:28.250, 81, 1890, 8001, 20.51, 0x0000000000000001
2026/10/02 08:24:28.370, 81, 1890, 8001, 20.51, 0x0000000000000001
2026/10/02 08:24:28.489, 81, 1890, 8001, 20.52, 0x0000000000000001
2026/10/02 08:24:28.607, 81, 1890, 8001, 20.53, 0x0000000000000001
2026/10/02 08:24:28.726, 81, 1890, 8001, 20.53, 0x0000000000000001
2026/10/02 08:24:28.846, 81, 1890, 8001, 20.53, 0x0000000000000001
2026/10/02 08:24:28.966, 81, 1890, 8001, 20.54, 0x0000000000000001
2026/10/02 08:24:29.084, 81, 1890, 8001, 20.54, 0x0000000000000001
2026/10/02 08:24:29.204, 81, 1890, 8001, 20.52, 0x0000000000000001
2026/10/02 08:24:29.322, 81, 1890, 8001, 20.50, 0x0000000000000001
2026/10/02 08:24:29.442, 81, 1890, 8001, 20.51, 0x0000000000000001
2026/10/02 08:24:29.561, 81, 1890, 8001, 20.50, 0x0000000000000001
2026/10/02 08:24:29.679, 81, 1890, 8001, 20.50, 0x0000000000000001
2026/10/02 08:24:29.801, 81, 1890, 8001, 20.49, 0x0000000000000001
2026/10/02 08:24:29.917, 81, 1890, 8001, 20.49, 0x0000000000000001
2026/10/02 08:24:30.038, 81, 1890, 8001, 20.48, 0x0000000000000001
2026/10/02 08:24:30.157, 81, 1890, 8001, 20.48, 0x0000000000000001
2026/10/02 08:24:30.275, 81, 1890, 8001, 20.50, 0x0000000000000001
2026/10/02 08:24:30.397, 81, 1890, 8001, 20.53, 0x0000000000000001
2026/10/02 08:24:30.512, 81, 1890, 8001, 20.52, 0x0000000000000001
2026/10/02 08:24:30.634, 81, 1890, 8001, 20.55, 0x0000000000000001
2026/10/02 08:24:30.752, 81, 1890, 8001, 20.54, 0x0000000000000001
2026/10/02 08:24:30.871, 81, 1890, 8001, 20.55, 0x0000000000000001
2026/10/02 08:24:30.990, 81, 1890, 8001, 20.56, 0x0000000000000001
2026/10/02 08:24:31.109, 81, 1890, 8001, 20.56, 0x0000000000000001
2026/10/02 08:24:31.228, 81, 1890, 8001, 20.55, 0x0000000000000001
2026/10/02 08:24:31.348, 81, 1890, 8001, 20.55, 0x0000000000000001
2026/10/02 08:24:31.466, 81, 1890, 8001, 20.54, 0x0000000000000001
2026/10/02 08:24:31.587, 81, 1890, 8001, 20.54, 0x0000000000000001
2026/10/02 08:24:31.703, 81, 1890, 8001, 20.49, 0x0000000000000001
2026/10/02 08:24:31.824, 81, 1890, 8001, 20.51, 0x0000000000000001
2026/10/02 08:24:31.943, 81, 1890, 8001, 20.50, 0x0000000000000001
2026/10/02 08:24:32.061, 81, 1890, 8001, 20.51, 0x0000000000000001
2026/10/02 08:24:32.182, 81, 1890, 8001, 20.51, 0x0000000000000001
2026/10/02 08:24:32.298, 81, 1890, 8001, 20.51, 0x0000000000000001
2026/10/02 08:24:32.419, 81, 1890, 8001, 20.51, 0x0000000000000001
2026/10/02 08:24:32.538, 81, 1890, 8001, 20.52, 0x0000000000000001
2026/10/02 08:24:32.656, 81, 1890, 8001, 20.52, 0x0000000000000001
2026/10/02 08:24:32.777, 81, 1890, 8001, 20.55, 0x0000000000000001
2026/10/02 08:24:32.893, 81, 1890, 8001, 20.02, 0x0000000000000001
2026/10/02 08:24:33.018, 81, 1890, 8001, 19.09, 0x0000000000000001
2026/10/02 08:24:33.139, 81, 1890, 8001, 18.15, 0x0000000000000001
2026/10/02 08:24:33.260, 81, 1890, 8001, 16.48, 0x0000000000000001
2026/10/02 08:24:33.379, 80, 390, 6001, 15.77, 0x0000000000000001
2026/10/02 08:24:33.497, 80, 390, 6001, 15.06, 0x0000000000000001
2026/10/02 08:24:33.616, 80, 390, 6001, 14.33, 0x0000000000000001
2026/10/02 08:24:33.734, 80, 390, 6001, 13.62, 0x0000000000000001
2026/10/02 08:24:33.851, 80, 300, 6001, 12.89, 0x0000000000000001
2026/10/02 08:24:33.975, 80, 300, 6001, 11.94, 0x0000000000000001
2026/10/02 08:24:34.094, 80, 300, 6001, 12.13, 0x0000000000000001
2026/10/02 08:24:34.212, 80, 300, 6001, 12.55, 0x0000000000000001
2026/10/02 08:24:34.333, 80, 255, 6001, 12.55, 0x0000000000000001
2026/10/02 08:24:34.452, 80, 255, 6001, 12.34, 0x0000000000000001
2026/10/02 08:24:34.572, 80, 255, 6001, 12.01, 0x0000000000000001
2026/10/02 08:24:34.705, 80, 255, 6001, 11.82, 0x0000000000000001
2026/10/02 08:24:34.824, 80, 210, 810, 11.57, 0x0000000000000001
2026/10/02 08:24:34.952, 80, 210, 810, 11.07, 0x0000000000000001
2026/10/02 08:24:35.072, 80, 210, 810, 10.69, 0x0000000000000001
2026/10/02 08:24:35.192, 80, 210, 810, 10.61, 0x0000000000000001
2026/10/02 08:24:35.313, 80, 210, 810, 10.37, 0x0000000000000001
2026/10/02 08:24:35.442, 80, 210, 810, 9.89, 0x0000000000000001
2026/10/02 08:24:35.563, 80, 210, 810, 9.85, 0x0000000000000001
2026/10/02 08:24:35.682, 80, 210, 810, 9.84, 0x0000000000000001
2026/10/02 08:24:35.805, 80, 210, 810, 9.85, 0x0000000000000001
2026/10/02 08:24:35.934, 80, 210, 810, 9.99, 0x0000000000000001
2026/10/02 08:24:36.069, 80, 210, 810, 11.50, 0x0000000000000001
2026/10/02 08:24:36.188, 80, 210, 810, 13.67, 0x0000000000000000
2026/10/02 08:24:36.325, 87, 2580, 8001, 17.82, 0x0000000000000000
2026/10/02 08:24:36.428, 87, 2580, 8001, 22.28, 0x0000000000000020
2026/10/02 08:24:36.532, 87, 2580, 8001, 28.02, 0x0000000000000020
2026/10/02 08:24:36.695, 87, 2580, 8001, 29.90, 0x0000000000000000
2026/10/02 08:24:36.798, 84, 2580, 8001, 31.76, 0x0000000000000000
