2026/10/02 07:54:53.498, 79, 420, 810, 11.62, 0x0000000000000001
2026/10/02 07:54:53.625, 79, 420, 810, 11.35, 0x0000000000000001
2026/10/02 07:54:53.751, 79, 420, 810, 11.12, 0x0000000000000001
2026/10/02 07:54:53.877, 78, 420, 810, 10.88, 0x0000000000000001
2026/10/02 07:54:54.009, 78, 375, 810, 10.42, 0x0000000000000001
2026/10/02 07:54:54.146, 78, 375, 810, 10.19, 0x0000000000000001
2026/10/02 07:54:54.283, 78, 375, 810, 10.39, 0x0000000000000001
2026/10/02 07:54:54.403, 78, 375, 810, 11.33, 0x0000000000000001
2026/10/02 07:54:54.521, 78, 1890, 8001, 12.32, 0x0000000000000001
2026/10/02 07:54:54.640, 78, 1890, 8001, 13.29, 0x0000000000000001
2026/10/02 07:54:54.759, 78, 1890, 8001, 14.26, 0x0000000000000001
2026/10/02 07:54:54.877, 79, 1890, 8001, 15.20, 0x0000000000000001
2026/10/02 07:54:55.000, 79, 1890, 8001, 17.11, 0x0000000000000001
2026/10/02 07:54:55.117, 79, 1890, 8001, 18.04, 0x0000000000000001
2026/10/02 07:54:55.234, 79, 1890, 8001, 18.98, 0x0000000000000001
2026/10/02 07:54:55.352, 80, 1890, 8001, 19.91, 0x0000000000000001
2026/10/02 07:54:55.470, 80, 1890, 8001, 20.65, 0x0000000000000001
2026/10/02 07:54:55.595, 80, 1890, 8001, 20.60, 0x0000000000000001
2026/10/02 07:54:55.719, 80, 1890, 8001, 20.56, 0x0000000000000001
2026/10/02 07:54:55.836, 80, 1890, 8001, 20.55, 0x0000000000000001
2026/10/02 07:54:55.957, 80, 1890, 8001, 20.56, 0x0000000000000001
2026/10/02 07:54:56.078, 80, 1890, 8001, 20.55, 0x0000000000000001
2026/10/02 07:54:56.196, 80, 1890, 8001, 20.57, 0x0000000000000001
2026/10/02 07:54:56.317, 80, 1890, 8001, 20.59, 0x0000000000000001
2026/10/02 07:54:56.434, 80, 1890, 8001, 20.58, 0x0000000000000001
2026/10/02 07:54:56.552, 80, 1890, 8001, 20.58, 0x0000000000000001
2026/10/02 07:54:56.669, 80, 1890, 8001, 20.58, 0x0000000000000001
2026/10/02 07:54:56.793, 80, 1890, 8001, 20.59, 0x0000000000000001
2026/10/02 07:54:56.912, 80, 1890, 8001, 20.56, 0x0000000000000001
2026/10/02 07:54:57.044, 80, 1890, 8001, 20.51, 0x0000000000000001
2026/10/02 07:54:57.176, 80, 1890, 8001, 20.47, 0x0000000000000001
2026/10/02 07:54:57.312, 80, 1890, 8001, 20.46, 0x0000000000000001
2026/10/02 07:54:57.429, 80, 1890, 8001, 20.44, 0x0000000000000001
2026/10/02 07:54:57.557, 80, 1890, 8001, 20.50, 0x0000000000000001
2026/10/02 07:54:57.674, 80, 1890, 8001, 20.47, 0x0000000000000001
2026/10/02 07:54:57.793, 80, 1890, 8001, 20.42, 0x0000000000000001
2026/10/02 07:54:57.916, 80, 1890, 8001, 20.43, 0x0000000000000001
2026/10/02 07:54:58.042, 80, 1890, 8001, 20.46, 0x0000000000000001
2026/10/02 07:54:58.159, 80, 1890, 8001, 20.49, 0x0000000000000001
2026/10/02 07:54:58.275, 80, 1890, 8001, 20.50, 0x0000000000000001
2026/10/02 07:54:58.400, 80, 1890, 8001, 20.53, 0x0000000000000001
2026/10/02 07:54:58.521, 80, 1890, 8001, 20.55, 0x0000000000000001
2026/10/02 07:54:58.638, 80, 1890, 8001, 20.50, 0x0000000000000001
2026/10/02 07:54:58.755, 80, 1890, 8001, 20.52, 0x0000000000000001
2026/10/02 07:54:58.884, 80, 1890, 8001, 20.55, 0x0000000000000001
2026/10/02 07:54:59.011, 80, 1890, 8001, 20.58, 0x0000000000000001
2026/10/02 07:54:59.128, 80, 1890, 8001, 20.59, 0x0000000000000001
2026/10/02 07:54:59.252, 80, 1890, 8001, 20.63, 0x0000000000000001
2026/10/02 07:54:59.370, 80, 1890, 8001, 20.66, 0x0000000000000001
2026/10/02 07:54:59.490, 80, 1890, 8001, 20.60, 0x0000000000000001
2026/10/02 07:54:59.608, 80, 1890, 8001, 20.54, 0x0000000000000001
2026/10/02 07:54:59.730, 80, 1890, 8001, 20.56, 0x0000000000000001
2026/10/02 07:54:59.849, 80, 1890, 8001, 20.57, 0x0000000000000001
2026/10/02 07:54:59.979, 80, 1890, 8001, 20.55, 0x0000000000000001
2026/10/02 07:55:00.109, 80, 1890, 8001, 20.53, 0x0000000000000001
2026/10/02 07:55:00.241, 80, 1890, 8001, 20.51, 0x0000000000000001
2026/10/02 07:55:00.360, 80, 1890, 8001, 20.51, 0x0000000000000001
2026/10/02 07:55:00.480, 80, 1890, 8001, 20.63, 0x0000000000000001
2026/10/02 07:55:00.597, 80, 1890, 8001, 20.81, 0x0000000000000001
2026/10/02 07:55:00.718, 80, 1890, 8001, 20.90, 0x0000000000000001
2026/10/02 07:55:00.838, 80, 1890, 8001, 20.68, 0x0000000000000001
2026/10/02 07:55:00.961, 80, 975, 6001, 20.03, 0x0000000000000001
2026/10/02 07:55:01.086, 80, 975, 6001, 18.78, 0x0000000000000001
2026/10/02 07:55:01.213, 80, 975, 6001, 18.11, 0x0000000000000001
2026/10/02 07:55:01.341, 80, 975, 6001, 17.47, 0x0000000000000001
2026/10/02 07:55:01.461, 80, 885, 6001, 16.82, 0x0000000000000001
2026/10/02 07:55:01.589, 80, 885, 6001, 14.59, 0x0000000000000001
2026/10/02 07:55:01.731, 79, 885, 6001, 13.74, 0x0000000000000001
2026/10/02 07:55:01.861, 79, 885, 6001, 13.18, 0x0000000000000001
2026/10/02 07:55:01.985, 79, 750, 6001, 13.12, 0x0000000000000001
2026/10/02 07:55:02.125, 79, 750, 6001, 13.12, 0x0000000000000001
2026/10/02 07:55:02.252, 79, 750, 6001, 13.06, 0x0000000000000001
2026/10/02 07:55:02.371, 79, 750, 6001, 13.05, 0x0000000000000001
2026/10/02 07:55:02.497, 79, 645, 6001, 12.90, 0x0000000000000001
2026/10/02 07:55:02.618, 79, 645, 6001, 12.86, 0x0000000000000001
2026/10/02 07:55:02.740, 79, 645, 6001, 12.85, 0x0000000000000001
2026/10/02 07:55:02.861, 79, 645, 6001, 12.85, 0x0000000000000001
2026/10/02 07:55:02.996, 79, 555, 6001, 12.81, 0x0000000000000001
2026/10/02 07:55:03.129, 79, 555, 6001, 12.76, 0x0000000000000001
2026/10/02 07:55:03.258, 79, 555, 6001, 12.70, 0x0000000000000001
2026/10/02 07:55:03.379, 79, 555, 6001, 12.18, 0x0000000000000001
2026/10/02 07:55:03.524, 79, 465, 810, 11.85, 0x0000000000000001
2026/10/02 07:55:03.652, 79, 465, 810, 11.68, 0x0000000000000001
2026/10/02 07:55:03.777, 79, 465, 810, 11.12, 0x0000000000000001
2026/10/02 07:55:03.912, 79, 465, 810, 11.03, 0x0000000000000001
2026/10/02 07:55:04.041, 79, 420, 810, 10.64, 0x0000000000000001
2026/10/02 07:55:04.166, 79, 420, 810, 10.60, 0x0000000000000001
2026/10/02 07:55:04.317, 79, 420, 810, 10.15, 0x0000000000000001
2026/10/02 07:55:04.442, 79, 375, 810, 10.11, 0x0000000000000001
2026/10/02 07:55:04.568, 79, 375, 810, 10.10, 0x0000000000000001
2026/10/02 07:55:04.704, 79, 375, 810, 10.08, 0x0000000000000001
2026/10/02 07:55:04.835, 79, 375, 810, 10.07, 0x0000000000000001
2026/10/02 07:55:04.962, 79, 345, 810, 10.06, 0x0000000000000001
2026/10/02 07:55:05.098, 79, 345, 810, 10.05, 0x0000000000000001
2026/10/02 07:55:05.221, 79, 345, 810, 10.05, 0x0000000000000001
2026/10/02 07:55:05.345, 79, 345, 810, 10.02, 0x0000000000000001
2026/10/02 07:55:05.465, 79, 315, 810, 10.02, 0x0000000000000001
2026/10/02 07:55:05.601, 79, 315, 810, 9.98, 0x0000000000000001
2026/10/02 07:55:05.734, 79, 315, 810, 9.98, 0x0000000000000001
2026/10/02 07:55:05.862, 79, 315, 810, 9.96, 0x0000000000000001
2026/10/02 07:55:05.982, 79, 270, 810, 9.94, 0x0000000000000001
2026/10/02 07:55:06.117, 79, 270, 810, 9.92, 0x0000000000000001
2026/10/02 07:55:06.242, 79, 270, 810, 9.90, 0x0000000000000001
2026/10/02 07:55:06.378, 79, 270, 810, 10.06, 0x0000000000000001
2026/10/02 07:55:06.502, 79, 360, 810, 10.04, 0x0000000000000001
2026/10/02 07:55:06.623, 79, 360, 810, 10.03, 0x0000000000000001
2026/10/02 07:55:06.745, 79, 360, 810, 10.03, 0x0000000000000001
2026/10/02 07:55:06.866, 79, 360, 810, 10.02, 0x0000000000000001
2026/10/02 07:55:06.998, 79, 360, 405, 9.58, 0x0000000000000001
2026/10/02 07:55:07.138, 79, 360, 405, 9.37, 0x0000000000000001
2026/10/02 07:55:07.265, 79, 360, 405, 9.10, 0x0000000000000001
2026/10/02 07:55:07.390, 79, 360, 405, 8.36, 0x0000000000000001
2026/10/02 07:55:07.525, 79, 360, 405, 8.27, 0x0000000000000001
2026/10/02 07:55:07.650, 79, 360, 405, 8.02, 0x0000000000000001
2026/10/02 07:55:07.775, 79, 360, 405, 7.39, 0x0000000000000001
2026/10/02 07:55:07.914, 79, 360, 405, 7.40, 0x0000000000000001
2026/10/02 07:55:08.048, 79, 360, 405, 7.41, 0x0000000000000001
2026/10/02 07:55:08.187, 79, 360, 405, 8.82, 0x0000000000000001
2026/10/02 07:55:08.308, 79, 360, 405, 9.94, 0x0000000000000001
2026/10/02 07:55:08.427, 80, 1890, 8001, 11.23, 0x0000000000000001
2026/10/02 07:55:08.548, 80, 1890, 8001, 12.54, 0x0000000000000001
2026/10/02 07:55:08.675, 80, 1890, 8001, 14.75, 0x0000000000000001
2026/10/02 07:55:08.794, 80, 1890, 8001, 15.89, 0x0000000000000001
2026/10/02 07:55:08.912, 80, 1890, 8001, 17.00, 0x0000000000000001
2026/10/02 07:55:09.034, 80, 1890, 8001, 18.14, 0x0000000000000001
2026/10/02 07:55:09.154, 80, 1890, 8001, 19.28, 0x0000000000000001
2026/10/02 07:55:09.269, 80, 1890, 8001, 20.22, 0x0000000000000001
2026/10/02 07:55:09.391, 80, 1890, 8001, 20.23, 0x0000000000000001
2026/10/02 07:55:09.511, 80, 1890, 8001, 20.05, 0x0000000000000001
2026/10/02 07:55:09.633, 80, 1890, 8001, 20.01, 0x0000000000000001
2026/10/02 07:55:09.751, 80, 1890, 8001, 20.25, 0x0000000000000001
2026/10/02 07:55:09.870, 80, 1890, 8001, 20.38, 0x0000000000000001
2026/10/02 07:55:09.996, 80, 1890, 8001, 20.42, 0x0000000000000001
2026/10/02 07:55:10.121, 80, 1890, 8001, 20.42, 0x0000000000000001
2026/10/02 07:55:10.253, 80, 1890, 8001, 20.43, 0x0000000000000001
2026/10/02 07:55:10.378, 81, 1890, 8001, 20.39, 0x0000000000000001
2026/10/02 07:55:10.507, 81, 1890, 8001, 20.38, 0x0000000000000001
2026/10/02 07:55:10.624, 81, 1890, 8001, 20.44, 0x0000000000000001
2026/10/02 07:55:10.747, 81, 1890, 8001, 20.22, 0x0000000000000001
2026/10/02 07:55:10.866, 81, 1890, 8001, 19.99, 0x0000000000000001
2026/10/02 07:55:10.985, 81, 1890, 8001, 19.85, 0x0000000000000001
2026/10/02 07:55:11.105, 81, 1890, 8001, 19.84, 0x0000000000000001
2026/10/02 07:55:11.225, 81, 1890, 8001, 19.84, 0x0000000000000001
2026/10/02 07:55:11.350, 81, 1890, 8001, 19.82, 0x0000000000000001
2026/10/02 07:55:11.478, 81, 1890, 8001, 19.81, 0x0000000000000001
2026/10/02 07:55:11.601, 81, 1890, 8001, 19.81, 0x0000000000000001
2026/10/02 07:55:11.729, 81, 1890, 8001, 19.81, 0x0000000000000001
2026/10/02 07:55:11.855, 81, 1890, 8001, 19.66, 0x0000000000000001
2026/10/02 07:55:11.980, 81, 510, 6001, 18.39, 0x0000000000000001
2026/10/02 07:55:12.108, 81, 510, 6001, 17.75, 0x0000000000000001
2026/10/02 07:55:12.228, 81, 510, 6001, 17.09, 0x0000000000000001
2026/10/02 07:55:12.349, 80, 510, 6001, 16.23, 0x0000000000000001
2026/10/02 07:55:12.470, 80, 390, 810, 15.33, 0x0000000000000001
2026/10/02 07:55:12.593, 80, 390, 810, 13.50, 0x0000000000000001
2026/10/02 07:55:12.715, 80, 390, 810, 12.58, 0x0000000000000001
2026/10/02 07:55:12.851, 80, 390, 810, 11.65, 0x0000000000000001
2026/10/02 07:55:12.978, 80, 330, 810, 10.67, 0x0000000000000001
2026/10/02 07:55:13.111, 80, 330, 810, 10.41, 0x0000000000000001
2026/10/02 07:55:13.231, 80, 330, 810, 9.89, 0x0000000000000001
2026/10/02 07:55:13.350, 79, 330, 810, 9.87, 0x0000000000000001
2026/10/02 07:55:13.469, 79, 255, 810, 9.81, 0x0000000000000001
2026/10/02 07:55:13.593, 79, 255, 810, 9.77, 0x0000000000000001
2026/10/02 07:55:13.724, 79, 255, 810, 9.76, 0x0000000000000001
2026/10/02 07:55:13.847, 79, 255, 810, 9.76, 0x0000000000000001
2026/10/02 07:55:13.968, 79, 210, 810, 9.75, 0x0000000000000001
2026/10/02 07:55:14.091, 79, 210, 810, 9.75, 0x0000000000000001
2026/10/02 07:55:14.213, 79, 210, 810, 9.74, 0x0000000000000001
2026/10/02 07:55:14.333, 79, 210, 810, 9.74, 0x0000000000000001
2026/10/02 07:55:14.455, 79, 210, 810, 9.74, 0x0000000000000001
2026/10/02 07:55:14.580, 79, 210, 810, 9.74, 0x0000000000000001
2026/10/02 07:55:14.703, 79, 210, 810, 9.75, 0x0000000000000001
2026/10/02 07:55:14.824, 79, 210, 810, 9.75, 0x0000000000000001
2026/10/02 07:55:14.943, 79, 210, 810, 9.75, 0x0000000000000001
2026/10/02 07:55:15.073, 79, 210, 810, 9.75, 0x0000000000000001
2026/10/02 07:55:15.212, 79, 210, 810, 9.76, 0x0000000000000001
2026/10/02 07:55:15.345, 79, 210, 810, 9.55, 0x0000000000000001
2026/10/02 07:55:15.468, 79, 210, 405, 9.33, 0x0000000000000001
2026/10/02 07:55:15.593, 79, 210, 405, 8.87, 0x0000000000000001
2026/10/02 07:55:15.722, 79, 210, 405, 8.65, 0x0000000000000001
2026/10/02 07:55:15.853, 79, 210, 405, 8.42, 0x0000000000000001
2026/10/02 07:55:15.986, 79, 210, 405, 7.79, 0x0000000000000001
2026/10/02 07:55:16.120, 79, 210, 405, 7.54, 0x0000000000000001
2026/10/02 07:55:16.244, 79, 210, 405, 7.52, 0x0000000000000001
2026/10/02 07:55:16.379, 79, 210, 405, 7.26, 0x0000000000000001
2026/10/02 07:55:16.511, 79, 210, 405, 7.26, 0x0000000000000001
2026/10/02 07:55:16.647, 79, 210, 405, 7.27, 0x0000000000000001
2026/10/02 07:55:16.785, 79, 210, 405, 7.27, 0x0000000000000001
2026/10/02 07:55:16.912, 79, 210, 405, 7.26, 0x0000000000000001
2026/10/02 07:55:17.034, 79, 210, 405, 7.26, 0x0000000000000001
2026/10/02 07:55:17.157, 79, 210, 405, 7.27, 0x0000000000000001
2026/10/02 07:55:17.288, 79, 210, 405, 7.26, 0x0000000000000001
2026/10/02 07:55:17.413, 79, 210, 405, 7.26, 0x0000000000000001
2026/10/02 07:55:17.542, 79, 210, 405, 7.26, 0x0000000000000001
2026/10/02 07:55:17.679, 79, 210, 405, 7.85, 0x0000000000000001
2026/10/02 07:55:17.802, 79, 210, 405, 9.17, 0x0000000000000001
2026/10/02 07:55:17.924, 79, 210, 405, 10.42, 0x0000000000000001
2026/10/02 07:55:18.043, 79, 1890, 8001, 11.58, 0x0000000000000001
2026/10/02 07:55:18.162, 79, 1890, 8001, 12.70, 0x0000000000000001
2026/10/02 07:55:18.285, 79, 1890, 8001, 14.99, 0x0000000000000001
2026/10/02 07:55:18.401, 80, 1890, 8001, 16.16, 0x0000000000000001
2026/10/02 07:55:18.533, 80, 1890, 8001, 17.35, 0x0000000000000001
2026/10/02 07:55:18.649, 80, 1890, 8001, 18.52, 0x0000000000000001
2026/10/02 07:55:18.770, 80, 1890, 8001, 19.69, 0x0000000000000001
2026/10/02 07:55:18.903, 80, 1890, 8001, 20.11, 0x0000000000000001
2026/10/02 07:55:19.021, 80, 1890, 8001, 20.05, 0x0000000000000001
2026/10/02 07:55:19.143, 80, 1890, 8001, 20.11, 0x0000000000000001
2026/10/02 07:55:19.261, 80, 1890, 8001, 20.16, 0x0000000000000001
2026/10/02 07:55:19.390, 81, 1890, 8001, 20.21, 0x0000000000000001
2026/10/02 07:55:19.506, 81, 1890, 8001, 20.21, 0x0000000000000001
2026/10/02 07:55:19.629, 81, 1890, 8001, 20.21, 0x0000000000000001
2026/10/02 07:55:19.744, 81, 1890, 8001, 20.23, 0x0000000000000001
2026/10/02 07:55:19.862, 81, 1890, 8001, 20.23, 0x0000000000000001
2026/10/02 07:55:19.985, 81, 1890, 8001, 20.24, 0x0000000000000001
2026/10/02 07:55:20.104, 81, 1890, 8001, 20.23, 0x0000000000000001
2026/10/02 07:55:20.221, 81, 1890, 8001, 20.23, 0x0000000000000001
2026/10/02 07:55:20.343, 81, 1890, 8001, 20.23, 0x0000000000000001
2026/10/02 07:55:20.461, 81, 1890, 8001, 20.23, 0x0000000000000001
2026/10/02 07:55:20.584, 81, 1890, 8001, 20.25, 0x0000000000000001
2026/10/02 07:55:20.702, 81, 1890, 8001, 20.24, 0x0000000000000001
2026/10/02 07:55:20.822, 81, 1890, 8001, 20.02, 0x0000000000000001
2026/10/02 07:55:20.948, 81, 525, 6001, 19.34, 0x0000000000000001
2026/10/02 07:55:21.066, 81, 525, 6001, 18.65, 0x0000000000000001
2026/10/02 07:55:21.187, 81, 525, 6001, 17.29, 0x0000000000000001
2026/10/02 07:55:21.309, 80, 525, 6001, 16.60, 0x0000000000000001
2026/10/02 07:55:21.431, 80, 525, 6001, 15.90, 0x0000000000000001
2026/10/02 07:55:21.549, 80, 405, 6001, 15.17, 0x0000000000000001
2026/10/02 07:55:21.670, 80, 405, 6001, 13.73, 0x0000000000000001
2026/10/02 07:55:21.793, 80, 405, 6001, 13.01, 0x0000000000000001
2026/10/02 07:55:21.923, 80, 405, 6001, 12.30, 0x0000000000000001
2026/10/02 07:55:22.043, 80, 330, 810, 12.03, 0x0000000000000001
2026/10/02 07:55:22.164, 80, 330, 810, 11.76, 0x0000000000000001
2026/10/02 07:55:22.287, 79, 330, 810, 11.22, 0x0000000000000001
2026/10/02 07:55:22.408, 79, 330, 810, 10.78, 0x0000000000000001
2026/10/02 07:55:22.528, 79, 255, 810, 10.69, 0x0000000000000001
2026/10/02 07:55:22.648, 79, 255, 810, 10.45, 0x0000000000000001
2026/10/02 07:55:22.768, 79, 255, 810, 10.21, 0x0000000000000001
2026/10/02 07:55:22.892, 79, 255, 810, 9.73, 0x0000000000000001
2026/10/02 07:55:23.011, 79, 210, 810, 9.69, 0x0000000000000001
2026/10/02 07:55:23.141, 79, 210, 810, 9.70, 0x0000000000000001
2026/10/02 07:55:23.267, 79, 210, 810, 9.70, 0x0000000000000001
2026/10/02 07:55:23.390, 79, 210, 810, 9.70, 0x0000000000000001
2026/10/02 07:55:23.510, 79, 210, 810, 9.70, 0x0000000000000001
2026/10/02 07:55:23.629, 79, 210, 810, 9.69, 0x0000000000000001
2026/10/02 07:55:23.749, 79, 210, 810, 9.69, 0x0000000000000001
2026/10/02 07:55:23.869, 79, 210, 810, 9.69, 0x0000000000000001
2026/10/02 07:55:23.989, 79, 210, 810, 9.70, 0x0000000000000001
2026/10/02 07:55:24.108, 79, 210, 810, 9.70, 0x0000000000000001
2026/10/02 07:55:24.231, 79, 210, 810, 9.70, 0x0000000000000001
2026/10/02 07:55:24.351, 79, 210, 810, 9.70, 0x0000000000000001
2026/10/02 07:55:24.479, 79, 210, 810, 9.70, 0x0000000000000001
2026/10/02 07:55:24.598, 79, 210, 810, 9.71, 0x0000000000000001
2026/10/02 07:55:24.716, 79, 210, 810, 9.72, 0x0000000000000001
2026/10/02 07:55:24.846, 79, 210, 810, 9.73, 0x0000000000000001
2026/10/02 07:55:24.969, 79, 210, 405, 9.31, 0x0000000000000001
2026/10/02 07:55:25.098, 79, 210, 405, 9.09, 0x0000000000000001
2026/10/02 07:55:25.223, 79, 210, 405, 8.87, 0x0000000000000001
2026/10/02 07:55:25.347, 79, 210, 405, 8.65, 0x0000000000000001
2026/10/02 07:55:25.469, 79, 210, 405, 8.21, 0x0000000000000001
2026/10/02 07:55:25.601, 79, 210, 405, 7.99, 0x0000000000000001
2026/10/02 07:55:25.736, 79, 210, 405, 7.76, 0x0000000000000001
2026/10/02 07:55:25.862, 79, 210, 405, 7.55, 0x0000000000000001
2026/10/02 07:55:25.989, 79, 210, 405, 7.32, 0x0000000000000001
2026/10/02 07:55:26.117, 79, 210, 405, 7.31, 0x0000000000000001
2026/10/02 07:55:26.241, 79, 210, 405, 7.30, 0x0000000000000001
2026/10/02 07:55:26.365, 79, 210, 405, 7.30, 0x0000000000000001
2026/10/02 07:55:26.497, 79, 210, 405, 7.29, 0x0000000000000001
2026/10/02 07:55:26.622, 79, 210, 405, 7.29, 0x0000000000000001
2026/10/02 07:55:26.745, 79, 210, 405, 7.30, 0x0000000000000001
2026/10/02 07:55:26.869, 79, 210, 405, 7.30, 0x0000000000000001
2026/10/02 07:55:26.993, 79, 210, 405, 7.30, 0x0000000000000001
2026/10/02 07:55:27.117, 79, 210, 405, 7.31, 0x0000000000000001
2026/10/02 07:55:27.242, 79, 210, 405, 7.31, 0x0000000000000001
2026/10/02 07:55:27.369, 79, 210, 405, 7.32, 0x0000000000000001
2026/10/02 07:55:27.509, 79, 210, 405, 7.32, 0x0000000000000001
2026/10/02 07:55:27.633, 79, 210, 405, 7.32, 0x0000000000000001
2026/10/02 07:55:27.755, 79, 210, 405, 7.32, 0x0000000000000001
2026/10/02 07:55:27.889, 79, 210, 405, 7.33, 0x0000000000000001
2026/10/02 07:55:28.014, 79, 210, 405, 7.33, 0x0000000000000001
2026/10/02 07:55:28.145, 79, 210, 405, 7.33, 0x0000000000000001
2026/10/02 07:55:28.283, 79, 210, 405, 7.33, 0x0000000000000001
2026/10/02 07:55:28.414, 79, 210, 405, 7.34, 0x0000000000000001
2026/10/02 07:55:28.539, 79, 210, 405, 7.34, 0x0000000000000001
2026/10/02 07:55:28.704, 79, 210, 405, 8.55, 0x0000000000000001
2026/10/02 07:55:28.822, 79, 210, 405, 9.73, 0x0000000000000001
2026/10/02 07:55:28.941, 79, 210, 405, 10.81, 0x0000000000000001
2026/10/02 07:55:29.058, 79, 1890, 8001, 11.92, 0x0000000000000001
2026/10/02 07:55:29.180, 79, 1890, 8001, 14.15, 0x0000000000000001
2026/10/02 07:55:29.302, 80, 1890, 8001, 15.27, 0x0000000000000001
2026/10/02 07:55:29.417, 80, 1890, 8001, 16.40, 0x0000000000000001
2026/10/02 07:55:29.548, 80, 1890, 8001, 17.54, 0x0000000000000001
2026/10/02 07:55:29.663, 80, 1890, 8001, 18.65, 0x0000000000000001
2026/10/02 07:55:29.785, 80, 1890, 8001, 19.68, 0x0000000000000001
2026/10/02 07:55:29.900, 80, 1890, 8001, 19.62, 0x0000000000000001
2026/10/02 07:55:30.017, 80, 1890, 8001, 19.66, 0x0000000000000001
2026/10/02 07:55:30.141, 80, 1890, 8001, 19.69, 0x0000000000000001
2026/10/02 07:55:30.257, 81, 1890, 8001, 19.71, 0x0000000000000001
2026/10/02 07:55:30.381, 81, 1890, 8001, 19.73, 0x0000000000000001
2026/10/02 07:55:30.504, 81, 1890, 8001, 19.74, 0x0000000000000001
2026/10/02 07:55:30.622, 81, 1890, 8001, 19.74, 0x0000000000000001
2026/10/02 07:55:30.739, 81, 1890, 8001, 19.76, 0x0000000000000001
2026/10/02 07:55:30.866, 81, 1890, 8001, 19.79, 0x0000000000000001
2026/10/02 07:55:30.986, 81, 1890, 8001, 19.81, 0x0000000000000001
2026/10/02 07:55:31.111, 81, 1890, 8001, 19.82, 0x0000000000000001
2026/10/02 07:55:31.231, 81, 1890, 8001, 19.82, 0x0000000000000001
2026/10/02 07:55:31.350, 81, 1890, 8001, 19.82, 0x0000000000000001
2026/10/02 07:55:31.480, 81, 1890, 8001, 19.84, 0x0000000000000001
2026/10/02 07:55:31.608, 81, 1890, 8001, 19.84, 0x0000000000000001
2026/10/02 07:55:31.724, 81, 1890, 8001, 19.84, 0x0000000000000001
2026/10/02 07:55:31.845, 81, 1890, 8001, 19.73, 0x0000000000000001
2026/10/02 07:55:31.972, 81, 435, 6001, 18.42, 0x0000000000000001
2026/10/02 07:55:32.102, 81, 435, 6001, 17.76, 0x0000000000000001
2026/10/02 07:55:32.221, 80, 435, 6001, 17.11, 0x0000000000000001
2026/10/02 07:55:32.356, 80, 435, 6001, 16.45, 0x0000000000000001
2026/10/02 07:55:32.492, 80, 330, 6001, 15.10, 0x0000000000000001
2026/10/02 07:55:32.609, 80, 330, 6001, 14.42, 0x0000000000000001
2026/10/02 07:55:32.740, 80, 330, 6001, 13.54, 0x0000000000000001
2026/10/02 07:55:32.860, 80, 330, 6001, 12.61, 0x0000000000000001
2026/10/02 07:55:32.980, 80, 285, 810, 11.54, 0x0000000000000001
2026/10/02 07:55:33.124, 80, 285, 810, 11.29, 0x0000000000000001
2026/10/02 07:55:33.250, 79, 285, 810, 11.02, 0x0000000000000001
2026/10/02 07:55:33.378, 79, 285, 810, 10.49, 0x0000000000000001
2026/10/02 07:55:33.507, 79, 210, 810, 10.22, 0x0000000000000001
2026/10/02 07:55:33.625, 79, 210, 810, 9.98, 0x0000000000000001
2026/10/02 07:55:33.754, 79, 210, 810, 9.76, 0x0000000000000001
2026/10/02 07:55:33.875, 79, 210, 810, 9.73, 0x0000000000000001
2026/10/02 07:55:34.014, 79, 210, 810, 9.73, 0x0000000000000001
2026/10/02 07:55:34.138, 79, 210, 810, 9.73, 0x0000000000000001
2026/10/02 07:55:34.258, 79, 210, 810, 9.73, 0x0000000000000001
2026/10/02 07:55:34.376, 79, 210, 810, 9.73, 0x0000000000000001
2026/10/02 07:55:34.495, 79, 210, 810, 9.74, 0x0000000000000001
2026/10/02 07:55:34.614, 79, 210, 810, 9.74, 0x0000000000000001
2026/10/02 07:55:34.733, 79, 210, 810, 9.75, 0x0000000000000001
2026/10/02 07:55:34.854, 79, 210, 810, 9.74, 0x0000000000000001
2026/10/02 07:55:34.973, 79, 210, 810, 9.73, 0x0000000000000001
2026/10/02 07:55:35.094, 79, 210, 810, 9.71, 0x0000000000000001
2026/10/02 07:55:35.225, 79, 210, 810, 9.70, 0x0000000000000001
2026/10/02 07:55:35.351, 79, 210, 810, 9.69, 0x0000000000000001
2026/10/02 07:55:35.479, 79, 210, 810, 9.67, 0x0000000000000001
2026/10/02 07:55:35.606, 79, 210, 810, 9.67, 0x0000000000000001
2026/10/02 07:55:35.729, 79, 210, 810, 9.44, 0x0000000000000001
2026/10/02 07:55:35.854, 79, 210, 810, 9.21, 0x0000000000000001
2026/10/02 07:55:35.977, 79, 210, 405, 8.75, 0x0000000000000001
2026/10/02 07:55:36.100, 79, 210, 405, 8.53, 0x0000000000000001
2026/10/02 07:55:36.229, 79, 210, 405, 8.31, 0x0000000000000001
2026/10/02 07:55:36.361, 79, 210, 405, 8.08, 0x0000000000000001
2026/10/02 07:55:36.490, 79, 210, 405, 7.63, 0x0000000000000001
2026/10/02 07:55:36.628, 79, 210, 405, 7.18, 0x0000000000000001
2026/10/02 07:55:36.753, 79, 210, 405, 7.18, 0x0000000000000001
2026/10/02 07:55:36.910, 79, 210, 405, 7.64, 0x0000000000000001
2026/10/02 07:55:37.032, 79, 1890, 8001, 8.98, 0x0000000000000001
2026/10/02 07:55:37.152, 79, 1890, 8001, 10.12, 0x0000000000000001
2026/10/02 07:55:37.282, 80, 1890, 8001, 12.41, 0x0000000000000001
2026/10/02 07:55:37.397, 80, 1890, 8001, 13.59, 0x0000000000000001
2026/10/02 07:55:37.515, 80, 1890, 8001, 14.77, 0x0000000000000001
2026/10/02 07:55:37.638, 80, 1890, 8001, 16.02, 0x0000000000000001
2026/10/02 07:55:37.757, 81, 1890, 8001, 17.15, 0x0000000000000001
2026/10/02 07:55:37.886, 81, 1890, 8001, 19.69, 0x0000000000000001
2026/10/02 07:55:38.001, 81, 1890, 8001, 20.22, 0x0000000000000001
2026/10/02 07:55:38.120, 81, 1890, 8001, 20.07, 0x0000000000000001
2026/10/02 07:55:38.238, 81, 1890, 8001, 20.12, 0x0000000000000001
2026/10/02 07:55:38.361, 81, 1890, 8001, 20.16, 0x0000000000000001
2026/10/02 07:55:38.481, 81, 1890, 8001, 20.23, 0x0000000000000001
2026/10/02 07:55:38.601, 81, 1890, 8001, 20.24, 0x0000000000000001
2026/10/02 07:55:38.717, 81, 1890, 8001, 20.25, 0x0000000000000001
2026/10/02 07:55:38.840, 81, 1890, 8001, 20.35, 0x0000000000000001
2026/10/02 07:55:38.964, 81, 1890, 8001, 20.37, 0x0000000000000001
2026/10/02 07:55:39.089, 81, 1890, 8001, 20.41, 0x0000000000000001
2026/10/02 07:55:39.209, 81, 1890, 8001, 20.42, 0x0000000000000001
2026/10/02 07:55:39.335, 81, 1890, 8001, 20.42, 0x0000000000000001
2026/10/02 07:55:39.466, 81, 1890, 8001, 20.45, 0x0000000000000001
2026/10/02 07:55:39.582, 81, 1890, 8001, 20.47, 0x0000000000000001
2026/10/02 07:55:39.699, 81, 1890, 8001, 20.48, 0x0000000000000001
2026/10/02 07:55:39.819, 81, 1890, 8001, 20.48, 0x0000000000000001
2026/10/02 07:55:39.936, 81, 1890, 8001, 20.40, 0x0000000000000001
2026/10/02 07:55:40.054, 81, 1890, 8001, 20.42, 0x0000000000000001
2026/10/02 07:55:40.181, 81, 1890, 8001, 20.42, 0x0000000000000001
2026/10/02 07:55:40.298, 81, 1890, 8001, 20.42, 0x0000000000000001
2026/10/02 07:55:40.420, 81, 1890, 8001, 20.43, 0x0000000000000001
2026/10/02 07:55:40.541, 81, 1890, 8001, 20.42, 0x0000000000000001
2026/10/02 07:55:40.669, 81, 1890, 8001, 20.41, 0x0000000000000001
2026/10/02 07:55:40.788, 81, 1890, 8001, 20.30, 0x0000000000000001
2026/10/02 07:55:40.910, 81, 1890, 8001, 19.61, 0x0000000000000001
2026/10/02 07:55:41.045, 81, 480, 6001, 18.92, 0x0000000000000001
2026/10/02 07:55:41.178, 80, 480, 6001, 17.07, 0x0000000000000001
2026/10/02 07:55:41.300, 80, 480, 6001, 16.14, 0x0000000000000001
2026/10/02 07:55:41.422, 80, 480, 6001, 15.20, 0x0000000000000001
2026/10/02 07:55:41.562, 80, 360, 810, 14.25, 0x0000000000000001
2026/10/02 07:55:41.701, 80, 360, 810, 11.53, 0x0000000000000001
2026/10/02 07:55:41.822, 80, 360, 810, 10.61, 0x0000000000000001
2026/10/02 07:55:41.965, 80, 300, 810, 10.29, 0x0000000000000001
2026/10/02 07:55:42.088, 80, 300, 810, 9.96, 0x0000000000000001
2026/10/02 07:55:42.217, 80, 300, 810, 9.95, 0x0000000000000001
2026/10/02 07:55:42.353, 80, 300, 810, 9.93, 0x0000000000000001
2026/10/02 07:55:42.484, 80, 240, 810, 9.95, 0x0000000000000001
2026/10/02 07:55:42.618, 80, 240, 810, 10.05, 0x0000000000000001
2026/10/02 07:55:42.757, 80, 240, 810, 10.10, 0x0000000000000001
2026/10/02 07:55:42.886, 80, 240, 810, 10.04, 0x0000000000000001
2026/10/02 07:55:43.014, 80, 330, 810, 10.03, 0x0000000000000001
2026/10/02 07:55:43.149, 80, 330, 810, 10.01, 0x0000000000000001
2026/10/02 07:55:43.280, 80, 330, 810, 10.00, 0x0000000000000001
2026/10/02 07:55:43.410, 80, 330, 810, 10.00, 0x0000000000000001
2026/10/02 07:55:43.534, 80, 330, 810, 9.92, 0x0000000000000001
2026/10/02 07:55:43.676, 80, 330, 810, 9.82, 0x0000000000000001
2026/10/02 07:55:43.807, 80, 330, 810, 9.76, 0x0000000000000001
2026/10/02 07:55:43.928, 80, 330, 810, 9.78, 0x0000000000000001
2026/10/02 07:55:44.070, 80, 330, 810, 9.99, 0x0000000000000001
2026/10/02 07:55:44.190, 80, 330, 810, 9.99, 0x0000000000000001
2026/10/02 07:55:44.325, 79, 330, 810, 9.96, 0x0000000000000001
2026/10/02 07:55:44.454, 79, 330, 810, 9.98, 0x0000000000000001
2026/10/02 07:55:44.578, 79, 240, 810, 9.97, 0x0000000000000001
2026/10/02 07:55:44.710, 79, 240, 810, 9.73, 0x0000000000000001
2026/10/02 07:55:44.859, 79, 240, 810, 9.48, 0x0000000000000001
2026/10/02 07:55:44.985, 79, 1890, 7001, 10.67, 0x0000000000000001
2026/10/02 07:55:45.109, 79, 1890, 7001, 11.28, 0x0000000000000001
2026/10/02 07:55:45.242, 79, 1890, 7001, 11.85, 0x0000000000000001
2026/10/02 07:55:45.362, 80, 1890, 7001, 13.28, 0x0000000000000001
2026/10/02 07:55:45.483, 80, 1890, 8001, 14.16, 0x0000000000000001
2026/10/02 07:55:45.613, 80, 1890, 8001, 15.05, 0x0000000000000001
2026/10/02 07:55:45.744, 80, 1890, 8001, 15.96, 0x0000000000000001
2026/10/02 07:55:45.872, 81, 1890, 8001, 18.32, 0x0000000000000001
2026/10/02 07:55:46.001, 81, 1890, 8001, 18.91, 0x0000000000000001
2026/10/02 07:55:46.121, 81, 1890, 8001, 19.02, 0x0000000000000001
2026/10/02 07:55:46.241, 81, 1890, 8001, 19.31, 0x0000000000000001
2026/10/02 07:55:46.361, 81, 1890, 8001, 19.81, 0x0000000000000001
2026/10/02 07:55:46.494, 81, 1890, 8001, 20.08, 0x0000000000000001
2026/10/02 07:55:46.621, 81, 1890, 8001, 20.18, 0x0000000000000001
2026/10/02 07:55:46.736, 81, 1890, 8001, 20.23, 0x0000000000000001
2026/10/02 07:55:46.864, 81, 1890, 8001, 20.32, 0x0000000000000001
2026/10/02 07:55:46.983, 81, 1890, 8001, 20.34, 0x0000000000000001
2026/10/02 07:55:47.099, 81, 1890, 8001, 20.34, 0x0000000000000001
2026/10/02 07:55:47.221, 81, 1890, 8001, 20.35, 0x0000000000000001
2026/10/02 07:55:47.346, 81, 1890, 8001, 20.36, 0x0000000000000001
2026/10/02 07:55:47.466, 81, 1890, 8001, 20.40, 0x0000000000000001
2026/10/02 07:55:47.585, 81, 1890, 8001, 20.40, 0x0000000000000001
2026/10/02 07:55:47.707, 81, 1890, 8001, 20.40, 0x0000000000000001
2026/10/02 07:55:47.829, 81, 1890, 8001, 20.41, 0x0000000000000001
2026/10/02 07:55:47.950, 81, 1890, 8001, 20.41, 0x0000000000000001
2026/10/02 07:55:48.074, 81, 1890, 8001, 20.43, 0x0000000000000001
2026/10/02 07:55:48.194, 81, 1890, 8001, 20.43, 0x0000000000000001
2026/10/02 07:55:48.322, 81, 1890, 8001, 20.43, 0x0000000000000001
2026/10/02 07:55:48.438, 81, 1890, 8001, 20.42, 0x0000000000000001
2026/10/02 07:55:48.555, 81, 1890, 8001, 20.42, 0x0000000000000001
2026/10/02 07:55:48.679, 81, 1890, 8001, 20.42, 0x0000000000000001
2026/10/02 07:55:48.794, 81, 1890, 8001, 20.32, 0x0000000000000001
2026/10/02 07:55:48.915, 81, 1890, 8001, 19.62, 0x0000000000000001
2026/10/02 07:55:49.037, 81, 495, 6001, 18.92, 0x0000000000000001
2026/10/02 07:55:49.167, 81, 495, 6001, 17.52, 0x0000000000000001
2026/10/02 07:55:49.294, 80, 495, 6001, 16.82, 0x0000000000000001
2026/10/02 07:55:49.421, 80, 495, 6001, 16.12, 0x0000000000000001
2026/10/02 07:55:49.541, 80, 375, 810, 14.68, 0x0000000000000001
2026/10/02 07:55:49.673, 80, 375, 810, 13.28, 0x0000000000000001
2026/10/02 07:55:49.806, 80, 375, 810, 11.62, 0x0000000000000001
2026/10/02 07:55:49.937, 80, 375, 810, 11.45, 0x0000000000000001
2026/10/02 07:55:50.065, 80, 315, 810, 10.91, 0x0000000000000001
2026/10/02 07:55:50.187, 80, 315, 810, 10.65, 0x0000000000000001
2026/10/02 07:55:50.311, 80, 315, 810, 10.15, 0x0000000000000001
2026/10/02 07:55:50.443, 80, 315, 810, 10.12, 0x0000000000000001
2026/10/02 07:55:50.570, 80, 255, 810, 9.81, 0x0000000000000001
2026/10/02 07:55:50.704, 80, 255, 810, 9.81, 0x0000000000000001
2026/10/02 07:55:50.831, 80, 255, 810, 9.81, 0x0000000000000001
2026/10/02 07:55:50.952, 80, 255, 810, 9.81, 0x0000000000000001
2026/10/02 07:55:51.091, 80, 210, 810, 9.81, 0x0000000000000001
2026/10/02 07:55:51.213, 80, 210, 810, 9.80, 0x0000000000000001
2026/10/02 07:55:51.349, 80, 210, 810, 9.80, 0x0000000000000001
2026/10/02 07:55:51.480, 80, 210, 810, 9.80, 0x0000000000000001
2026/10/02 07:55:51.612, 80, 210, 810, 9.79, 0x0000000000000001
2026/10/02 07:55:51.736, 80, 210, 810, 9.79, 0x0000000000000001
2026/10/02 07:55:51.866, 80, 210, 810, 9.78, 0x0000000000000001
2026/10/02 07:55:51.994, 80, 210, 810, 9.78, 0x0000000000000001
2026/10/02 07:55:52.116, 80, 210, 810, 9.78, 0x0000000000000001
2026/10/02 07:55:52.253, 80, 210, 810, 9.78, 0x0000000000000001
2026/10/02 07:55:52.384, 80, 210, 810, 9.80, 0x0000000000000001
2026/10/02 07:55:52.517, 80, 210, 405, 9.58, 0x0000000000000001
2026/10/02 07:55:52.641, 80, 210, 405, 9.34, 0x0000000000000001
2026/10/02 07:55:52.769, 80, 210, 405, 8.95, 0x0000000000000001
2026/10/02 07:55:52.903, 80, 210, 405, 8.72, 0x0000000000000001
2026/10/02 07:55:53.040, 80, 210, 405, 8.50, 0x0000000000000001
2026/10/02 07:55:53.177, 80, 210, 405, 7.89, 0x0000000000000001
2026/10/02 07:55:53.318, 80, 210, 405, 7.84, 0x0000000000000001
2026/10/02 07:55:53.450, 79, 210, 405, 7.61, 0x0000000000000001
2026/10/02 07:55:53.578, 79, 210, 405, 7.37, 0x0000000000000001
2026/10/02 07:55:53.711, 79, 210, 405, 7.37, 0x0000000000000001
2026/10/02 07:55:53.852, 79, 210, 405, 7.36, 0x0000000000000001
2026/10/02 07:55:53.977, 80, 210, 405, 7.36, 0x0000000000000001
2026/10/02 07:55:54.108, 80, 210, 405, 7.36, 0x0000000000000001
2026/10/02 07:55:54.238, 80, 210, 405, 7.36, 0x0000000000000001
2026/10/02 07:55:54.363, 80, 210, 405, 7.35, 0x0000000000000001
2026/10/02 07:55:54.489, 79, 210, 405, 7.35, 0x0000000000000001
2026/10/02 07:55:54.636, 79, 210, 405, 7.35, 0x0000000000000001
2026/10/02 07:55:54.760, 79, 210, 405, 7.34, 0x0000000000000001
2026/10/02 07:55:54.892, 79, 210, 405, 7.38, 0x0000000000000001
2026/10/02 07:55:55.016, 80, 1890, 8001, 8.38, 0x0000000000000001
2026/10/02 07:55:55.134, 80, 1890, 8001, 9.70, 0x0000000000000001
2026/10/02 07:55:55.251, 80, 1890, 8001, 10.92, 0x0000000000000001
2026/10/02 07:55:55.377, 80, 1890, 8001, 13.51, 0x0000000000000001
2026/10/02 07:55:55.503, 81, 1890, 8001, 14.79, 0x0000000000000001
2026/10/02 07:55:55.623, 81, 1890, 8001, 16.14, 0x0000000000000001
2026/10/02 07:55:55.744, 81, 1890, 8001, 17.27, 0x0000000000000001
2026/10/02 07:55:55.864, 81, 1890, 8001, 19.79, 0x0000000000000001
2026/10/02 07:55:55.985, 81, 1890, 8001, 21.25, 0x0000000000000001
2026/10/02 07:55:56.111, 81, 1890, 8001, 21.24, 0x0000000000000001
2026/10/02 07:55:56.231, 81, 1890, 8001, 21.13, 0x0000000000000001
2026/10/02 07:55:56.349, 81, 1890, 8001, 21.12, 0x0000000000000001
2026/10/02 07:55:56.478, 81, 1890, 8001, 21.16, 0x0000000000000001
2026/10/02 07:55:56.595, 81, 1890, 8001, 21.15, 0x0000000000000001
2026/10/02 07:55:56.719, 81, 1890, 8001, 20.95, 0x0000000000000001
2026/10/02 07:55:56.836, 81, 1890, 8001, 20.93, 0x0000000000000001
2026/10/02 07:55:56.951, 81, 1890, 8001, 20.88, 0x0000000000000001
2026/10/02 07:55:57.069, 81, 1890, 8001, 20.49, 0x0000000000000001
2026/10/02 07:55:57.189, 81, 1890, 8001, 20.43, 0x0000000000000001
2026/10/02 07:55:57.308, 81, 1890, 8001, 20.37, 0x0000000000000001
2026/10/02 07:55:57.435, 81, 1890, 8001, 20.33, 0x0000000000000001
2026/10/02 07:55:57.565, 81, 1890, 8001, 19.95, 0x0000000000000001
2026/10/02 07:55:57.697, 81, 1890, 8001, 19.85, 0x0000000000000001
2026/10/02 07:55:57.814, 81, 1890, 8001, 19.85, 0x0000000000000001
2026/10/02 07:55:57.936, 81, 1890, 8001, 19.88, 0x0000000000000001
2026/10/02 07:55:58.059, 81, 1890, 8001, 19.92, 0x0000000000000001
2026/10/02 07:55:58.180, 81, 1890, 8001, 19.94, 0x0000000000000001
2026/10/02 07:55:58.297, 81, 1890, 8001, 19.93, 0x0000000000000001
2026/10/02 07:55:58.412, 81, 1890, 8001, 19.93, 0x0000000000000001
2026/10/02 07:55:58.531, 81, 1890, 8001, 19.92, 0x0000000000000001
2026/10/02 07:55:58.648, 81, 1890, 8001, 19.92, 0x0000000000000001
2026/10/02 07:55:58.771, 81, 1890, 8001, 19.88, 0x0000000000000001
2026/10/02 07:55:58.892, 81, 1890, 8001, 19.22, 0x0000000000000001
2026/10/02 07:55:59.020, 81, 540, 6001, 18.58, 0x0000000000000001
2026/10/02 07:55:59.140, 81, 540, 6001, 17.72, 0x0000000000000001
2026/10/02 07:55:59.261, 81, 540, 6001, 16.01, 0x0000000000000001
2026/10/02 07:55:59.393, 81, 540, 6001, 15.14, 0x0000000000000001
2026/10/02 07:55:59.524, 81, 450, 810, 13.65, 0x0000000000000001
2026/10/02 07:55:59.659, 81, 450, 810, 12.41, 0x0000000000000001
2026/10/02 07:55:59.780, 81, 450, 810, 10.71, 0x0000000000000001
2026/10/02 07:55:59.901, 80, 450, 810, 10.65, 0x0000000000000001
2026/10/02 07:56:00.028, 80, 390, 810, 10.23, 0x0000000000000001
2026/10/02 07:56:00.155, 80, 390, 810, 10.20, 0x0000000000000001
2026/10/02 07:56:00.284, 80, 390, 810, 10.08, 0x0000000000000001
2026/10/02 07:56:00.409, 80, 390, 810, 10.00, 0x0000000000000001
2026/10/02 07:56:00.538, 80, 315, 810, 9.95, 0x0000000000000001
2026/10/02 07:56:00.658, 80, 315, 810, 9.94, 0x0000000000000001
2026/10/02 07:56:00.779, 80, 315, 810, 9.91, 0x0000000000000001
2026/10/02 07:56:00.906, 80, 315, 810, 9.90, 0x0000000000000001
2026/10/02 07:56:01.038, 80, 270, 810, 9.87, 0x0000000000000001
2026/10/02 07:56:01.160, 80, 270, 810, 9.78, 0x0000000000000001
2026/10/02 07:56:01.293, 80, 270, 810, 9.78, 0x0000000000000001
2026/10/02 07:56:01.415, 80, 270, 810, 9.78, 0x0000000000000001
2026/10/02 07:56:01.539, 80, 210, 810, 9.77, 0x0000000000000001
2026/10/02 07:56:01.660, 80, 210, 810, 9.76, 0x0000000000000001
2026/10/02 07:56:01.781, 80, 210, 810, 9.77, 0x0000000000000001
2026/10/02 07:56:01.906, 80, 210, 810, 9.76, 0x0000000000000001
2026/10/02 07:56:02.042, 80, 210, 810, 9.78, 0x0000000000000001
2026/10/02 07:56:02.162, 80, 210, 810, 9.76, 0x0000000000000001
2026/10/02 07:56:02.298, 80, 210, 810, 9.74, 0x0000000000000001
2026/10/02 07:56:02.420, 80, 210, 810, 9.79, 0x0000000000000001
2026/10/02 07:56:02.546, 80, 210, 810, 9.79, 0x0000000000000001
2026/10/02 07:56:02.668, 80, 210, 810, 9.45, 0x0000000000000001
2026/10/02 07:56:02.801, 80, 210, 810, 9.20, 0x0000000000000001
2026/10/02 07:56:02.941, 80, 210, 810, 9.02, 0x0000000000000001
2026/10/02 07:56:03.084, 80, 210, 405, 8.49, 0x0000000000000001
2026/10/02 07:56:03.228, 80, 210, 405, 8.22, 0x0000000000000001
2026/10/02 07:56:03.355, 80, 210, 405, 7.95, 0x0000000000000001
2026/10/02 07:56:03.507, 80, 210, 405, 7.58, 0x0000000000000001
2026/10/02 07:56:03.641, 80, 210, 405, 7.16, 0x0000000000000001
2026/10/02 07:56:03.772, 80, 210, 405, 7.17, 0x0000000000000001
2026/10/02 07:56:03.912, 80, 210, 405, 7.18, 0x0000000000000001
2026/10/02 07:56:04.064, 80, 210, 405, 7.38, 0x0000000000000001
2026/10/02 07:56:04.230, 80, 210, 405, 7.52, 0x0000000000000001
2026/10/02 07:56:04.350, 80, 210, 405, 8.35, 0x0000000000000001
2026/10/02 07:56:04.470, 80, 210, 405, 10.71, 0x0000000000000001
2026/10/02 07:56:04.588, 81, 1890, 8001, 11.85, 0x0000000000000001
2026/10/02 07:56:04.710, 81, 1890, 8001, 13.05, 0x0000000000000001
2026/10/02 07:56:04.828, 81, 1890, 8001, 14.27, 0x0000000000000001
2026/10/02 07:56:04.953, 81, 1890, 8001, 15.52, 0x0000000000000001
2026/10/02 07:56:05.085, 81, 1890, 8001, 17.78, 0x0000000000000001
2026/10/02 07:56:05.218, 81, 1890, 8001, 18.92, 0x0000000000000001
2026/10/02 07:56:05.337, 81, 1890, 8001, 20.04, 0x0000000000000001
2026/10/02 07:56:05.453, 81, 1890, 8001, 20.36, 0x0000000000000001
2026/10/02 07:56:05.571, 81, 1890, 8001, 20.38, 0x0000000000000001
2026/10/02 07:56:05.694, 81, 1890, 8001, 20.38, 0x0000000000000001
2026/10/02 07:56:05.811, 81, 1890, 8001, 20.38, 0x0000000000000001
2026/10/02 07:56:05.932, 81, 1890, 8001, 20.39, 0x0000000000000001
2026/10/02 07:56:06.058, 81, 435, 6001, 19.81, 0x0000000000000001
2026/10/02 07:56:06.187, 81, 435, 6001, 19.10, 0x0000000000000001
2026/10/02 07:56:06.308, 81, 435, 6001, 18.39, 0x0000000000000001
2026/10/02 07:56:06.433, 81, 435, 6001, 17.69, 0x0000000000000001
2026/10/02 07:56:06.561, 80, 360, 6001, 16.31, 0x0000000000000001
2026/10/02 07:56:06.691, 80, 360, 6001, 15.61, 0x0000000000000001
2026/10/02 07:56:06.811, 80, 360, 6001, 14.92, 0x0000000000000001
2026/10/02 07:56:06.943, 80, 360, 6001, 14.22, 0x0000000000000001
2026/10/02 07:56:07.074, 80, 300, 6001, 12.67, 0x0000000000000001
2026/10/02 07:56:07.194, 80, 300, 6001, 12.64, 0x0000000000000001
2026/10/02 07:56:07.328, 80, 300, 6001, 12.61, 0x0000000000000001
2026/10/02 07:56:07.465, 80, 300, 6001, 12.57, 0x0000000000000001
2026/10/02 07:56:07.585, 80, 240, 6001, 12.52, 0x0000000000000001
2026/10/02 07:56:07.717, 80, 240, 6001, 12.50, 0x0000000000000001
2026/10/02 07:56:07.838, 80, 240, 6001, 12.47, 0x0000000000000001
2026/10/02 07:56:07.961, 80, 240, 6001, 12.44, 0x0000000000000001
2026/10/02 07:56:08.105, 80, 210, 810, 12.24, 0x0000000000000001
2026/10/02 07:56:08.226, 80, 210, 810, 12.00, 0x0000000000000001
2026/10/02 07:56:08.358, 80, 210, 810, 11.52, 0x0000000000000001
2026/10/02 07:56:08.479, 80, 210, 810, 11.17, 0x0000000000000001
2026/10/02 07:56:08.598, 80, 210, 810, 11.05, 0x0000000000000001
2026/10/02 07:56:08.717, 80, 210, 810, 10.81, 0x0000000000000001
2026/10/02 07:56:08.838, 80, 210, 810, 10.56, 0x0000000000000001
2026/10/02 07:56:08.967, 80, 210, 810, 10.08, 0x0000000000000001
2026/10/02 07:56:09.093, 80, 210, 810, 9.79, 0x0000000000000001
2026/10/02 07:56:09.228, 80, 210, 810, 9.79, 0x0000000000000001
2026/10/02 07:56:09.361, 80, 210, 810, 9.79, 0x0000000000000001
2026/10/02 07:56:09.487, 80, 210, 810, 9.83, 0x0000000000000001
2026/10/02 07:56:09.628, 80, 210, 810, 9.90, 0x0000000000000001
2026/10/02 07:56:09.751, 80, 210, 810, 9.92, 0x0000000000000001
2026/10/02 07:56:09.887, 80, 210, 810, 9.90, 0x0000000000000001
2026/10/02 07:56:10.017, 80, 210, 810, 9.90, 0x0000000000000001
2026/10/02 07:56:10.146, 80, 210, 810, 9.90, 0x0000000000000001
2026/10/02 07:56:10.279, 80, 210, 810, 9.89, 0x0000000000000001
2026/10/02 07:56:10.417, 80, 210, 810, 9.89, 0x0000000000000001
2026/10/02 07:56:10.548, 80, 210, 810, 9.88, 0x0000000000000001
2026/10/02 07:56:10.682, 80, 210, 810, 9.77, 0x0000000000000001
2026/10/02 07:56:10.811, 80, 210, 810, 9.80, 0x0000000000000001
2026/10/02 07:56:10.960, 80, 210, 810, 9.84, 0x0000000000000001
2026/10/02 07:56:11.102, 80, 210, 405, 9.62, 0x0000000000000001
2026/10/02 07:56:11.232, 80, 210, 405, 9.38, 0x0000000000000001
2026/10/02 07:56:11.367, 80, 210, 405, 8.91, 0x0000000000000001
2026/10/02 07:56:11.492, 80, 210, 405, 8.67, 0x0000000000000001
2026/10/02 07:56:11.623, 80, 210, 405, 8.44, 0x0000000000000001
2026/10/02 07:56:11.761, 80, 210, 405, 7.97, 0x0000000000000001
2026/10/02 07:56:11.900, 80, 210, 405, 7.67, 0x0000000000000001
2026/10/02 07:56:12.032, 80, 210, 405, 7.39, 0x0000000000000001
2026/10/02 07:56:12.164, 80, 210, 405, 7.16, 0x0000000000000001
2026/10/02 07:56:12.295, 80, 210, 405, 7.17, 0x0000000000000001
2026/10/02 07:56:12.428, 80, 210, 405, 7.18, 0x0000000000000001
2026/10/02 07:56:12.560, 80, 210, 405, 7.20, 0x0000000000000001
2026/10/02 07:56:12.691, 80, 210, 405, 7.22, 0x0000000000000001
2026/10/02 07:56:12.849, 80, 210, 405, 7.33, 0x0000000000000001
2026/10/02 07:56:12.984, 80, 210, 405, 7.38, 0x0000000000000001
2026/10/02 07:56:13.129, 80, 270, 405, 7.39, 0x0000000000000001
2026/10/02 07:56:13.258, 80, 270, 405, 7.39, 0x0000000000000001
2026/10/02 07:56:13.391, 80, 270, 405, 7.39, 0x0000000000000001
2026/10/02 07:56:13.524, 80, 270, 405, 7.39, 0x0000000000000001
2026/10/02 07:56:13.664, 80, 270, 405, 7.47, 0x0000000000000001
2026/10/02 07:56:13.814, 80, 270, 405, 7.44, 0x0000000000000001
2026/10/02 07:56:13.949, 80, 270, 405, 7.65, 0x0000000000000001
2026/10/02 07:56:14.078, 80, 420, 810, 8.17, 0x0000000000000001
2026/10/02 07:56:14.211, 80, 420, 810, 8.44, 0x0000000000000001
2026/10/02 07:56:14.333, 80, 420, 810, 8.67, 0x0000000000000001
2026/10/02 07:56:14.460, 80, 420, 810, 8.98, 0x0000000000000001
2026/10/02 07:56:14.581, 80, 420, 810, 9.20, 0x0000000000000001
2026/10/02 07:56:14.712, 80, 420, 810, 9.44, 0x0000000000000001
2026/10/02 07:56:14.841, 80, 420, 810, 9.59, 0x0000000000000001
2026/10/02 07:56:14.963, 80, 420, 810, 9.72, 0x0000000000000001
2026/10/02 07:56:15.085, 80, 420, 810, 9.72, 0x0000000000000001
2026/10/02 07:56:15.215, 80, 420, 810, 9.71, 0x0000000000000001
2026/10/02 07:56:15.344, 80, 420, 810, 9.72, 0x0000000000000001
2026/10/02 07:56:15.475, 80, 420, 810, 9.76, 0x0000000000000001
2026/10/02 07:56:15.604, 80, 420, 810, 9.84, 0x0000000000000001
2026/10/02 07:56:15.752, 80, 420, 810, 9.48, 0x0000000000000001
2026/10/02 07:56:15.893, 80, 420, 810, 9.26, 0x0000000000000001
2026/10/02 07:56:16.026, 80, 300, 405, 9.04, 0x0000000000000001
2026/10/02 07:56:16.159, 80, 300, 405, 8.48, 0x0000000000000001
2026/10/02 07:56:16.298, 80, 300, 405, 8.38, 0x0000000000000001
2026/10/02 07:56:16.430, 80, 300, 405, 8.14, 0x0000000000000001
2026/10/02 07:56:16.562, 80, 255, 405, 7.68, 0x0000000000000001
2026/10/02 07:56:16.738, 80, 255, 405, 7.39, 0x0000000000000001
2026/10/02 07:56:16.861, 80, 255, 405, 7.67, 0x0000000000000001
2026/10/02 07:56:16.991, 80, 255, 405, 7.93, 0x0000000000000001
2026/10/02 07:56:17.122, 80, 465, 810, 8.18, 0x0000000000000001
2026/10/02 07:56:17.253, 80, 465, 810, 8.56, 0x0000000000000001
2026/10/02 07:56:17.383, 80, 465, 810, 8.77, 0x0000000000000001
2026/10/02 07:56:17.506, 80, 465, 810, 9.01, 0x0000000000000001
2026/10/02 07:56:17.633, 80, 465, 810, 9.23, 0x0000000000000001
2026/10/02 07:56:17.757, 80, 465, 810, 9.58, 0x0000000000000001
2026/10/02 07:56:17.881, 80, 465, 810, 9.77, 0x0000000000000001
2026/10/02 07:56:18.026, 80, 465, 810, 9.87, 0x0000000000000001
2026/10/02 07:56:18.146, 80, 465, 810, 9.92, 0x0000000000000001
2026/10/02 07:56:18.281, 80, 465, 810, 9.89, 0x0000000000000001
2026/10/02 07:56:18.430, 80, 465, 810, 9.95, 0x0000000000000001
2026/10/02 07:56:18.564, 80, 465, 810, 10.06, 0x0000000000000001
2026/10/02 07:56:18.760, 80, 465, 810, 9.76, 0x0000000000000001
2026/10/02 07:56:18.895, 80, 465, 810, 9.73, 0x0000000000000001
2026/10/02 07:56:19.019, 80, 465, 810, 9.70, 0x0000000000000001
2026/10/02 07:56:19.150, 80, 465, 810, 9.55, 0x0000000000000001
2026/10/02 07:56:19.279, 80, 465, 810, 9.56, 0x0000000000000001
2026/10/02 07:56:19.406, 80, 465, 810, 9.57, 0x0000000000000001
2026/10/02 07:56:19.529, 80, 465, 810, 9.52, 0x0000000000000001
2026/10/02 07:56:19.659, 80, 465, 810, 9.41, 0x0000000000000001
2026/10/02 07:56:19.788, 80, 465, 810, 9.52, 0x0000000000000001
2026/10/02 07:56:19.914, 80, 465, 810, 9.68, 0x0000000000000001
2026/10/02 07:56:20.036, 80, 465, 810, 9.70, 0x0000000000000001
2026/10/02 07:56:20.167, 80, 465, 810, 9.68, 0x0000000000000001
2026/10/02 07:56:20.290, 80, 465, 810, 9.67, 0x0000000000000001
2026/10/02 07:56:20.421, 80, 465, 810, 9.67, 0x0000000000000001
2026/10/02 07:56:20.558, 80, 465, 810, 9.66, 0x0000000000000001
2026/10/02 07:56:20.698, 80, 465, 810, 9.49, 0x0000000000000001
2026/10/02 07:56:20.833, 80, 465, 810, 9.20, 0x0000000000000001
2026/10/02 07:56:20.961, 80, 465, 810, 8.81, 0x0000000000000001
2026/10/02 07:56:21.100, 80, 210, 405, 8.60, 0x0000000000000001
2026/10/02 07:56:21.227, 80, 210, 405, 8.37, 0x0000000000000001
2026/10/02 07:56:21.360, 80, 210, 405, 7.94, 0x0000000000000001
2026/10/02 07:56:21.500, 80, 210, 405, 7.53, 0x0000000000000001
2026/10/02 07:56:21.632, 80, 210, 405, 7.25, 0x0000000000000001
2026/10/02 07:56:21.759, 80, 210, 405, 7.22, 0x0000000000000001
2026/10/02 07:56:21.887, 80, 210, 405, 7.22, 0x0000000000000001
2026/10/02 07:56:22.018, 80, 210, 405, 7.21, 0x0000000000000001
2026/10/02 07:56:22.143, 80, 210, 405, 7.21, 0x0000000000000001
2026/10/02 07:56:22.274, 80, 210, 405, 7.22, 0x0000000000000001
2026/10/02 07:56:22.414, 80, 210, 405, 7.23, 0x0000000000000001
2026/10/02 07:56:22.550, 80, 210, 405, 7.23, 0x0000000000000001
2026/10/02 07:56:22.691, 80, 210, 405, 7.24, 0x0000000000000001
2026/10/02 07:56:22.823, 80, 210, 405, 7.23, 0x0000000000000001
2026/10/02 07:56:22.949, 80, 210, 405, 7.24, 0x0000000000000001
2026/10/02 07:56:23.088, 80, 210, 405, 7.25, 0x0000000000000001
2026/10/02 07:56:23.213, 80, 210, 405, 7.25, 0x0000000000000001
2026/10/02 07:56:23.351, 80, 210, 405, 7.25, 0x0000000000000001
2026/10/02 07:56:23.482, 80, 210, 405, 7.25, 0x0000000000000001
2026/10/02 07:56:23.610, 80, 210, 405, 7.24, 0x0000000000000001
2026/10/02 07:56:23.754, 80, 210, 405, 7.24, 0x0000000000000001
2026/10/02 07:56:23.889, 80, 210, 405, 7.24, 0x0000000000000001
2026/10/02 07:56:24.022, 80, 210, 405, 7.24, 0x0000000000000001
2026/10/02 07:56:24.187, 80, 210, 405, 7.44, 0x0000000000000001
2026/10/02 07:56:24.311, 80, 210, 405, 8.12, 0x0000000000000001
2026/10/02 07:56:24.429, 80, 210, 405, 9.26, 0x0000000000000001
2026/10/02 07:56:24.545, 81, 1890, 8001, 10.42, 0x0000000000000001
2026/10/02 07:56:24.666, 81, 1890, 8001, 12.76, 0x0000000000000001
2026/10/02 07:56:24.783, 81, 1890, 8001, 13.95, 0x0000000000000001
2026/10/02 07:56:24.914, 81, 1890, 8001, 15.15, 0x0000000000000001
2026/10/02 07:56:25.039, 81, 1890, 8001, 16.35, 0x0000000000000001
2026/10/02 07:56:25.162, 81, 1890, 8001, 18.85, 0x0000000000000001
2026/10/02 07:56:25.284, 81, 1890, 8001, 19.82, 0x0000000000000001
2026/10/02 07:56:25.401, 81, 1890, 8001, 20.27, 0x0000000000000001
2026/10/02 07:56:25.523, 81, 1890, 8001, 20.34, 0x0000000000000001
2026/10/02 07:56:25.640, 81, 1890, 8001, 20.38, 0x0000000000000001
2026/10/02 07:56:25.765, 81, 1890, 8001, 20.45, 0x0000000000000001
2026/10/02 07:56:25.893, 81, 1890, 8001, 20.46, 0x0000000000000001
2026/10/02 07:56:26.010, 81, 405, 810, 20.47, 0x0000000000000001
2026/10/02 07:56:26.141, 81, 405, 810, 19.64, 0x0000000000000001
2026/10/02 07:56:26.273, 81, 405, 810, 17.77, 0x0000000000000001
2026/10/02 07:56:26.402, 81, 405, 810, 16.84, 0x0000000000000001
2026/10/02 07:56:26.525, 80, 330, 810, 15.90, 0x0000000000000001
2026/10/02 07:56:26.651, 80, 330, 810, 14.02, 0x0000000000000001
2026/10/02 07:56:26.777, 80, 330, 810, 13.07, 0x0000000000000001
2026/10/02 07:56:26.910, 80, 330, 810, 12.14, 0x0000000000000001
2026/10/02 07:56:27.033, 80, 255, 810, 11.18, 0x0000000000000001
2026/10/02 07:56:27.179, 80, 255, 810, 10.22, 0x0000000000000001
2026/10/02 07:56:27.317, 80, 255, 810, 10.16, 0x0000000000000001
2026/10/02 07:56:27.443, 80, 255, 810, 10.11, 0x0000000000000001
2026/10/02 07:56:27.570, 80, 240, 810, 10.03, 0x0000000000000001
2026/10/02 07:56:27.694, 80, 240, 810, 9.99, 0x0000000000000001
2026/10/02 07:56:27.816, 80, 240, 810, 9.96, 0x0000000000000001
2026/10/02 07:56:27.945, 80, 240, 810, 9.93, 0x0000000000000001
2026/10/02 07:56:28.079, 80, 210, 810, 9.89, 0x0000000000000001
2026/10/02 07:56:28.205, 80, 210, 810, 9.81, 0x0000000000000001
2026/10/02 07:56:28.338, 80, 210, 810, 9.74, 0x0000000000000001
2026/10/02 07:56:28.459, 80, 210, 810, 9.79, 0x0000000000000001
2026/10/02 07:56:28.588, 80, 210, 810, 9.80, 0x0000000000000001
2026/10/02 07:56:28.713, 80, 210, 810, 9.81, 0x0000000000000001
2026/10/02 07:56:28.841, 80, 210, 810, 9.82, 0x0000000000000001
2026/10/02 07:56:28.961, 80, 210, 810, 9.84, 0x0000000000000001
2026/10/02 07:56:29.095, 80, 210, 405, 9.61, 0x0000000000000001
2026/10/02 07:56:29.235, 80, 210, 405, 9.42, 0x0000000000000001
2026/10/02 07:56:29.372, 80, 210, 405, 8.97, 0x0000000000000001
2026/10/02 07:56:29.502, 80, 210, 405, 8.74, 0x0000000000000001
2026/10/02 07:56:29.641, 80, 210, 405, 8.52, 0x0000000000000001
2026/10/02 07:56:29.777, 80, 210, 405, 7.90, 0x0000000000000001
2026/10/02 07:56:29.900, 80, 210, 405, 7.85, 0x0000000000000001
2026/10/02 07:56:30.046, 80, 210, 405, 7.63, 0x0000000000000001
2026/10/02 07:56:30.194, 80, 210, 405, 7.49, 0x0000000000000001
2026/10/02 07:56:30.348, 80, 210, 405, 7.53, 0x0000000000000001
2026/10/02 07:56:30.487, 80, 210, 405, 7.54, 0x0000000000000001
2026/10/02 07:56:30.610, 80, 300, 405, 7.52, 0x0000000000000001
2026/10/02 07:56:30.747, 80, 300, 405, 7.51, 0x0000000000000001
2026/10/02 07:56:30.888, 80, 300, 405, 7.51, 0x0000000000000001
2026/10/02 07:56:31.029, 80, 300, 405, 7.50, 0x0000000000000001
2026/10/02 07:56:31.162, 80, 300, 405, 7.45, 0x0000000000000001
2026/10/02 07:56:31.295, 80, 300, 405, 7.37, 0x0000000000000001
2026/10/02 07:56:31.433, 80, 300, 405, 7.31, 0x0000000000000001
2026/10/02 07:56:31.563, 80, 300, 405, 7.32, 0x0000000000000001
2026/10/02 07:56:31.703, 80, 300, 405, 7.32, 0x0000000000000001
2026/10/02 07:56:31.831, 80, 300, 405, 7.32, 0x0000000000000001
2026/10/02 07:56:31.962, 80, 300, 405, 7.33, 0x0000000000000001
2026/10/02 07:56:32.101, 80, 210, 405, 7.33, 0x0000000000000001
2026/10/02 07:56:32.225, 80, 210, 405, 7.33, 0x0000000000000001
2026/10/02 07:56:32.358, 80, 210, 405, 7.33, 0x0000000000000001
2026/10/02 07:56:32.496, 80, 210, 405, 7.33, 0x0000000000000001
2026/10/02 07:56:32.654, 80, 210, 405, 7.32, 0x0000000000000001
2026/10/02 07:56:32.794, 80, 210, 405, 7.31, 0x0000000000000001
2026/10/02 07:56:32.934, 80, 210, 405, 7.31, 0x0000000000000001
2026/10/02 07:56:33.063, 80, 210, 405, 7.30, 0x0000000000000001
2026/10/02 07:56:33.205, 80, 210, 405, 7.30, 0x0000000000000001
2026/10/02 07:56:33.342, 80, 210, 405, 7.30, 0x0000000000000001
2026/10/02 07:56:33.476, 80, 210, 405, 7.31, 0x0000000000000001
2026/10/02 07:56:33.600, 80, 210, 405, 7.30, 0x0000000000000001
2026/10/02 07:56:33.737, 80, 210, 405, 7.30, 0x0000000000000001
2026/10/02 07:56:33.874, 80, 210, 405, 7.25, 0x0000000000000001
2026/10/02 07:56:34.003, 80, 210, 405, 7.23, 0x0000000000000001
2026/10/02 07:56:34.134, 80, 210, 405, 7.22, 0x0000000000000001
2026/10/02 07:56:34.260, 80, 210, 405, 7.18, 0x0000000000000001
2026/10/02 07:56:34.393, 80, 210, 405, 7.16, 0x0000000000000001
2026/10/02 07:56:34.522, 80, 210, 405, 7.14, 0x0000000000000001
2026/10/02 07:56:34.667, 80, 210, 405, 7.12, 0x0000000000000001
2026/10/02 07:56:34.794, 80, 210, 405, 7.11, 0x0000000000000001
2026/10/02 07:56:34.928, 80, 210, 405, 7.12, 0x0000000000000001
2026/10/02 07:56:35.058, 80, 210, 405, 7.14, 0x0000000000000001
2026/10/02 07:56:35.183, 80, 210, 405, 7.13, 0x0000000000000001
2026/10/02 07:56:35.309, 80, 210, 405, 7.14, 0x0000000000000001
2026/10/02 07:56:35.453, 80, 210, 405, 7.15, 0x0000000000000001
2026/10/02 07:56:35.575, 80, 210, 405, 7.16, 0x0000000000000001
2026/10/02 07:56:35.707, 80, 210, 405, 7.17, 0x0000000000000001
2026/10/02 07:56:35.831, 80, 210, 405, 7.18, 0x0000000000000001
2026/10/02 07:56:35.967, 80, 210, 405, 7.18, 0x0000000000000001
2026/10/02 07:56:36.098, 80, 210, 405, 7.18, 0x0000000000000001
2026/10/02 07:56:36.242, 80, 210, 405, 7.18, 0x0000000000000001
2026/10/02 07:56:36.386, 80, 210, 405, 7.18, 0x0000000000000001
2026/10/02 07:56:36.515, 80, 210, 405, 7.17, 0x0000000000000001
2026/10/02 07:56:36.639, 80, 210, 405, 7.17, 0x0000000000000001
2026/10/02 07:56:36.774, 80, 210, 405, 7.16, 0x0000000000000001
2026/10/02 07:56:36.899, 80, 210, 405, 7.16, 0x0000000000000001
2026/10/02 07:56:37.028, 80, 210, 405, 7.16, 0x0000000000000001
2026/10/02 07:56:37.163, 80, 210, 405, 7.18, 0x0000000000000001
2026/10/02 07:56:37.290, 80, 210, 405, 7.18, 0x0000000000000001
2026/10/02 07:56:37.416, 80, 210, 405, 7.18, 0x0000000000000001
2026/10/02 07:56:37.551, 80, 210, 405, 7.16, 0x0000000000000001
2026/10/02 07:56:37.692, 80, 210, 405, 7.15, 0x0000000000000001
2026/10/02 07:56:37.826, 80, 210, 405, 7.14, 0x0000000000000001
2026/10/02 07:56:37.962, 80, 210, 405, 7.10, 0x0000000000000001
2026/10/02 07:56:38.099, 80, 210, 405, 7.09, 0x0000000000000001
2026/10/02 07:56:38.234, 80, 210, 405, 7.10, 0x0000000000000001
2026/10/02 07:56:38.367, 80, 210, 405, 7.06, 0x0000000000000001
2026/10/02 07:56:38.495, 80, 210, 405, 7.06, 0x0000000000000001
2026/10/02 07:56:38.623, 80, 210, 405, 7.05, 0x0000000000000001
2026/10/02 07:56:38.747, 80, 210, 405, 7.06, 0x0000000000000001
2026/10/02 07:56:38.874, 80, 210, 405, 7.06, 0x0000000000000001
2026/10/02 07:56:39.013, 80, 210, 405, 7.06, 0x0000000000000001
2026/10/02 07:56:39.147, 80, 210, 405, 7.07, 0x0000000000000001
2026/10/02 07:56:39.286, 80, 210, 405, 7.06, 0x0000000000000001
2026/10/02 07:56:39.411, 80, 210, 405, 7.06, 0x0000000000000001
2026/10/02 07:56:39.538, 80, 210, 405, 7.08, 0x0000000000000001
2026/10/02 07:56:39.669, 80, 210, 405, 7.12, 0x0000000000000001
2026/10/02 07:56:39.797, 80, 210, 405, 7.13, 0x0000000000000001
2026/10/02 07:56:39.929, 80, 210, 405, 7.15, 0x0000000000000001
2026/10/02 07:56:40.076, 80, 210, 405, 7.24, 0x0000000000000001
2026/10/02 07:56:40.213, 80, 210, 405, 7.24, 0x0000000000000001
2026/10/02 07:56:40.339, 80, 210, 405, 7.25, 0x0000000000000001
2026/10/02 07:56:40.470, 80, 210, 405, 7.29, 0x0000000000000001
2026/10/02 07:56:40.596, 80, 210, 405, 7.28, 0x0000000000000001
2026/10/02 07:56:40.730, 80, 210, 405, 7.27, 0x0000000000000001
2026/10/02 07:56:40.864, 80, 210, 405, 7.27, 0x0000000000000001
2026/10/02 07:56:40.991, 80, 210, 405, 7.27, 0x0000000000000001
2026/10/02 07:56:41.115, 80, 210, 405, 7.25, 0x0000000000000001
2026/10/02 07:56:41.244, 80, 210, 405, 7.21, 0x0000000000000001
2026/10/02 07:56:41.374, 80, 210, 405, 7.21, 0x0000000000000001
2026/10/02 07:56:41.499, 80, 210, 405, 7.21, 0x0000000000000001
2026/10/02 07:56:41.625, 80, 210, 405, 7.20, 0x0000000000000001
2026/10/02 07:56:41.770, 80, 210, 405, 7.31, 0x0000000000000001
2026/10/02 07:56:41.925, 80, 210, 405, 7.37, 0x0000000000000001
2026/10/02 07:56:42.057, 80, 315, 405, 7.43, 0x0000000000000001
2026/10/02 07:56:42.182, 80, 315, 405, 7.42, 0x0000000000000001
2026/10/02 07:56:42.317, 80, 315, 405, 7.43, 0x0000000000000001
2026/10/02 07:56:42.442, 80, 315, 405, 7.42, 0x0000000000000001
2026/10/02 07:56:42.572, 80, 315, 405, 7.44, 0x0000000000000001
2026/10/02 07:56:42.706, 80, 315, 405, 7.43, 0x0000000000000001
2026/10/02 07:56:42.835, 80, 315, 405, 7.42, 0x0000000000000001
2026/10/02 07:56:42.971, 80, 315, 405, 7.27, 0x0000000000000001
2026/10/02 07:56:43.108, 80, 315, 405, 7.28, 0x0000000000000001
2026/10/02 07:56:43.239, 80, 315, 405, 7.30, 0x0000000000000001
2026/10/02 07:56:43.373, 80, 315, 405, 7.32, 0x0000000000000001
2026/10/02 07:56:43.499, 80, 315, 405, 7.36, 0x0000000000000001
2026/10/02 07:56:43.632, 80, 315, 405, 7.37, 0x0000000000000001
2026/10/02 07:56:43.764, 80, 315, 405, 7.36, 0x0000000000000001
2026/10/02 07:56:43.890, 80, 315, 405, 7.35, 0x0000000000000001
2026/10/02 07:56:44.016, 80, 315, 405, 7.34, 0x0000000000000001
2026/10/02 07:56:44.146, 80, 210, 405, 7.33, 0x0000000000000001
2026/10/02 07:56:44.275, 80, 210, 405, 7.33, 0x0000000000000001
2026/10/02 07:56:44.409, 80, 210, 405, 7.33, 0x0000000000000001
2026/10/02 07:56:44.537, 80, 210, 405, 7.32, 0x0000000000000001
2026/10/02 07:56:44.673, 80, 210, 405, 7.33, 0x0000000000000001
2026/10/02 07:56:44.803, 80, 210, 405, 7.35, 0x0000000000000001
2026/10/02 07:56:44.937, 80, 210, 405, 7.36, 0x0000000000000001
2026/10/02 07:56:45.079, 80, 210, 405, 7.40, 0x0000000000000001
2026/10/02 07:56:45.203, 80, 210, 405, 7.41, 0x0000000000000001
2026/10/02 07:56:45.331, 80, 210, 405, 7.42, 0x0000000000000001
2026/10/02 07:56:45.467, 80, 210, 405, 7.42, 0x0000000000000001
2026/10/02 07:56:45.591, 80, 210, 405, 7.41, 0x0000000000000001
2026/10/02 07:56:45.723, 80, 210, 405, 7.41, 0x0000000000000001
2026/10/02 07:56:45.848, 80, 210, 405, 7.39, 0x0000000000000001
2026/10/02 07:56:45.979, 80, 210, 405, 7.39, 0x0000000000000001
2026/10/02 07:56:46.105, 80, 210, 405, 7.40, 0x0000000000000001
2026/10/02 07:56:46.229, 80, 210, 405, 7.39, 0x0000000000000001
2026/10/02 07:56:46.358, 80, 210, 405, 7.37, 0x0000000000000001
2026/10/02 07:56:46.490, 80, 210, 405, 7.37, 0x0000000000000001
2026/10/02 07:56:46.625, 80, 210, 405, 7.38, 0x0000000000000001
2026/10/02 07:56:46.749, 80, 210, 405, 7.39, 0x0000000000000001
2026/10/02 07:56:46.882, 80, 210, 405, 7.39, 0x0000000000000001
2026/10/02 07:56:47.011, 80, 210, 405, 7.39, 0x0000000000000001
2026/10/02 07:56:47.138, 80, 210, 405, 7.39, 0x0000000000000001
2026/10/02 07:56:47.280, 80, 210, 405, 7.37, 0x0000000000000001
2026/10/02 07:56:47.422, 80, 210, 405, 7.39, 0x0000000000000001
2026/10/02 07:56:47.551, 80, 210, 405, 7.38, 0x0000000000000001
2026/10/02 07:56:47.675, 80, 210, 405, 7.38, 0x0000000000000001
2026/10/02 07:56:47.806, 80, 210, 405, 7.38, 0x0000000000000001
2026/10/02 07:56:47.929, 80, 210, 405, 7.38, 0x0000000000000001
2026/10/02 07:56:48.067, 80, 210, 405, 7.45, 0x0000000000000001
2026/10/02 07:56:48.210, 80, 210, 405, 7.46, 0x0000000000000001
2026/10/02 07:56:48.340, 80, 210, 405, 7.46, 0x0000000000000001
2026/10/02 07:56:48.476, 80, 210, 405, 7.49, 0x0000000000000001
2026/10/02 07:56:48.607, 80, 210, 405, 7.52, 0x0000000000000001
2026/10/02 07:56:48.743, 80, 210, 405, 7.54, 0x0000000000000001
2026/10/02 07:56:48.888, 80, 210, 405, 7.54, 0x0000000000000001
2026/10/02 07:56:49.029, 80, 210, 405, 7.54, 0x0000000000000001
2026/10/02 07:56:49.168, 80, 300, 405, 7.47, 0x0000000000000001
2026/10/02 07:56:49.296, 80, 300, 405, 7.45, 0x0000000000000001
2026/10/02 07:56:49.425, 80, 300, 405, 7.45, 0x0000000000000001
2026/10/02 07:56:49.561, 80, 300, 405, 7.40, 0x0000000000000001
2026/10/02 07:56:49.685, 80, 300, 405, 7.36, 0x0000000000000001
2026/10/02 07:56:49.818, 80, 300, 405, 7.33, 0x0000000000000001
2026/10/02 07:56:49.960, 80, 300, 405, 7.31, 0x0000000000000001
2026/10/02 07:56:50.088, 80, 300, 405, 7.31, 0x0000000000000001
2026/10/02 07:56:50.229, 80, 300, 405, 7.31, 0x0000000000000001
2026/10/02 07:56:50.357, 80, 300, 405, 7.31, 0x0000000000000001
2026/10/02 07:56:50.487, 80, 300, 405, 7.30, 0x0000000000000001
2026/10/02 07:56:50.618, 80, 210, 405, 7.28, 0x0000000000000001
2026/10/02 07:56:50.746, 80, 210, 405, 7.29, 0x0000000000000001
2026/10/02 07:56:50.894, 80, 210, 405, 7.29, 0x0000000000000001
2026/10/02 07:56:51.027, 80, 210, 405, 7.28, 0x0000000000000001
2026/10/02 07:56:51.154, 80, 210, 405, 7.27, 0x0000000000000001
2026/10/02 07:56:51.278, 80, 210, 405, 7.26, 0x0000000000000001
2026/10/02 07:56:51.404, 80, 210, 405, 7.25, 0x0000000000000001
2026/10/02 07:56:51.538, 80, 210, 405, 7.25, 0x0000000000000001
2026/10/02 07:56:51.667, 80, 210, 405, 7.26, 0x0000000000000001
2026/10/02 07:56:51.799, 80, 210, 405, 7.25, 0x0000000000000001
2026/10/02 07:56:51.932, 80, 210, 405, 7.24, 0x0000000000000001
2026/10/02 07:56:52.063, 80, 210, 405, 7.24, 0x0000000000000001
2026/10/02 07:56:52.187, 80, 210, 405, 7.24, 0x0000000000000001
2026/10/02 07:56:52.324, 80, 210, 405, 7.24, 0x0000000000000001
2026/10/02 07:56:52.460, 79, 210, 405, 7.23, 0x0000000000000001
2026/10/02 07:56:52.585, 79, 210, 405, 7.22, 0x0000000000000001
2026/10/02 07:56:52.716, 79, 210, 405, 7.21, 0x0000000000000001
2026/10/02 07:56:52.846, 79, 210, 405, 7.20, 0x0000000000000001
2026/10/02 07:56:52.988, 79, 210, 405, 7.20, 0x0000000000000001
2026/10/02 07:56:53.129, 79, 210, 405, 7.20, 0x0000000000000001
2026/10/02 07:56:53.272, 79, 210, 405, 7.19, 0x0000000000000001
2026/10/02 07:56:53.397, 79, 210, 405, 7.19, 0x0000000000000001
2026/10/02 07:56:53.539, 79, 210, 405, 7.19, 0x0000000000000001
2026/10/02 07:56:53.682, 79, 210, 405, 7.20, 0x0000000000000001
2026/10/02 07:56:53.806, 79, 210, 405, 7.20, 0x0000000000000001
2026/10/02 07:56:53.938, 79, 210, 405, 7.21, 0x0000000000000001
2026/10/02 07:56:54.085, 79, 210, 405, 7.22, 0x0000000000000001
2026/10/02 07:56:54.213, 79, 210, 405, 7.22, 0x0000000000000001
2026/10/02 07:56:54.344, 79, 210, 405, 7.23, 0x0000000000000001
2026/10/02 07:56:54.483, 79, 210, 405, 7.22, 0x0000000000000001
2026/10/02 07:56:54.607, 79, 210, 405, 7.21, 0x0000000000000001
2026/10/02 07:56:54.734, 79, 210, 405, 7.23, 0x0000000000000001
2026/10/02 07:56:54.869, 79, 210, 405, 7.21, 0x0000000000000001
2026/10/02 07:56:55.006, 79, 210, 405, 7.20, 0x0000000000000001
2026/10/02 07:56:55.131, 79, 210, 405, 7.19, 0x0000000000000001
2026/10/02 07:56:55.267, 79, 210, 405, 7.18, 0x0000000000000001
2026/10/02 07:56:55.395, 79, 210, 405, 7.18, 0x0000000000000001
2026/10/02 07:56:55.523, 79, 210, 405, 7.19, 0x0000000000000001
2026/10/02 07:56:55.650, 79, 210, 405, 7.19, 0x0000000000000001
2026/10/02 07:56:55.773, 79, 210, 405, 7.18, 0x0000000000000001
2026/10/02 07:56:55.908, 79, 210, 405, 7.18, 0x0000000000000001
2026/10/02 07:56:56.041, 79, 210, 405, 7.19, 0x0000000000000001
