# VOID (2026-10-02): the latent/full ratios and latencies in this file were measured with the GPU at idle clocks (~210 MHz) for N<=16K and at uncontrolled clocks at 32K; harness wrote JSON to /mnt/c between samples. Do not cite. See docs/DIAGNOSIS_2026-10-02.md (E0). Removing this first line restores the original SHA256.
seq_len,head_dim,latent_dim,hq,hkv,gqa_ratio,block_size,full_bytes_token,latent_bytes_token,compression_ratio,full_latency_us,latent_latency_us,ratio,original_latent_b1_latency_us,original_latent_b1_ratio,gpu,commit,working_tree_variant,evidence_status
128,64,32,16,4,4,16,1024,64,16,88.06400001049042,99.32799637317657,1.1279069354258762,115.20000174641609,1.3081395545591066,NVIDIA GeForce RTX 4060 Laptop GPU,7a2a4501c123433e6cfbaaaf29c0c84733b787c4,phase2_c1_extended_lengths,EXPLORATORY_BALANCED_POWER
256,64,32,16,4,4,16,1024,64,16,137.9839964210987,131.071999669075,0.9499105274952498,167.93599724769592,1.2170686572607297,NVIDIA GeForce RTX 4060 Laptop GPU,7a2a4501c123433e6cfbaaaf29c0c84733b787c4,phase2_c1_extended_lengths,EXPLORATORY_BALANCED_POWER
512,64,32,16,4,4,16,1024,64,16,211.96800470352173,175.10400712490082,0.8260869718041535,257.02399015426636,1.2125603131178413,NVIDIA GeForce RTX 4060 Laptop GPU,7a2a4501c123433e6cfbaaaf29c0c84733b787c4,phase2_c1_extended_lengths,EXPLORATORY_BALANCED_POWER
1024,64,32,16,4,4,16,1024,64,16,379.90400195121765,286.72000765800476,0.7547169974135246,456.7039906978607,1.2021563035719343,NVIDIA GeForce RTX 4060 Laptop GPU,7a2a4501c123433e6cfbaaaf29c0c84733b787c4,phase2_c1_extended_lengths,EXPLORATORY_BALANCED_POWER
2048,64,32,16,4,4,16,1024,64,16,714.7520184516907,513.0239725112915,0.7177649859913844,861.6960048675537,1.2055873682374145,NVIDIA GeForce RTX 4060 Laptop GPU,7a2a4501c123433e6cfbaaaf29c0c84733b787c4,phase2_c1_extended_lengths,EXPLORATORY_BALANCED_POWER
4096,64,32,16,4,4,16,1024,64,16,1388.0319595336914,964.6080136299133,0.6949465442812808,1681.4080476760864,1.211361191021102,NVIDIA GeForce RTX 4060 Laptop GPU,7a2a4501c123433e6cfbaaaf29c0c84733b787c4,phase2_c1_extended_lengths,EXPLORATORY_NONSTATIONARY_BALANCED_POWER
8192,64,32,16,4,4,16,1024,64,16,2991.871953010559,1871.8719482421875,0.6301101973513179,3288.320004940033,1.0990844717238564,NVIDIA GeForce RTX 4060 Laptop GPU,7a2a4501c123433e6cfbaaaf29c0c84733b787c4,phase2_c1_extended_lengths,EXPLORATORY_NONSTATIONARY_BALANCED_POWER
16384,64,32,16,4,4,16,1024,64,16,5513.216018676758,2512.895941734314,0.4623220745321032,4415.487885475159,0.8008915069747135,NVIDIA GeForce RTX 4060 Laptop GPU,7a2a4501c123433e6cfbaaaf29c0c84733b787c4,phase2_c1_extended_lengths,EXPLORATORY_NONSTATIONARY_BALANCED_POWER
32768,64,32,16,4,4,16,1024,64,16,1352.6560068130493,988.3840084075928,0.7307115668267973,1592.38401055336,1.1772276192415885,NVIDIA GeForce RTX 4060 Laptop GPU,7a2a4501c123433e6cfbaaaf29c0c84733b787c4,phase2_c1_extended_lengths,EXPLORATORY_NONSTATIONARY_BALANCED_POWER
